ID_INTERFAZ,UNIDAD_OPERATIVA,SISTEMA_ORIGEN,TIPO_DOCUMENTO,TIPO_MOVIMIENTO,SUCURSAL_VENTA,ORIGEN_SERVICIO,DESTINO_SERVICIO,SERVICIO,CONCEPTO_MODALIDAD,FORMA_PAGO,APLICA_AR,APLICA_AP,TIPO_TRANSACCION_AR,MEMO_LINE,UNIDAD_OPERATIVA_DESTINO,CONCILIACION,METODO_RECIBO,PREFIJO_CONC,MASCARA_CONC,SUBFIJO_CONC,FRECUENCIA_CONC, TOLERANCIA_CONC 
,TTP_BU,TMS,FACTURA,PROPIO,TAPO,,,INTERMEDIO TTP,,EFE,SI,NO,TRANSACCION TTP TMS,TMS-INTERMEDIO TTP---EFE-AR_IVA16,,SI,SANTANDER_8285,,DDMMRRRR,TAPOT,D,10
,TTP_BU,TMS,FACTURA,PROPIO,CAR,,,INTERMEDIO TTP,,EFE,SI,NO,TRANSACCION TTP TMS,TMS-INTERMEDIO TTP---EFE-AR_IVA16,,SI,SANTANDER_8285,,DDMMRRRR,CART,D,10
,TTP_BU,TMS,FACTURA,PROPIO,CAPSETEX,,,INTERMEDIO PISTA,,EFE,SI,NO,TRANSACCION TTP TMS,TMS-INTERMEDIO PISTA TTP---EFE-AR_IVA_16,,SI,SANTANDER_8285,,DDMMRRRR,CAPSETEXT,D,10
,TTP_BU,TMS,FACTURA,PROPIO,SMA,,,INTERMEDIO ATH,,EFE,SI,NO,TRANSACCION TTP TMS,TMS-INTERMEDIO ATH---EFE-AR_IVA_EXENTO,,SI,SANTANDER_8285,,DDMMRRRR,SATAT,D,10
,CONTERSA_BU,TMS,FACTURA,INTERCOS,CAPUR,,,MOVILOMAS,,EFE,SI,NO,TRANSACCIONES CT TMS,TMS-MOVILOMAS--EFEC-AP_IVA_NO_GRAVADO,,SI,SANTANDER_0995,,DDMMRRRR,MOVILT,D,10
,TTP_BU,TMS,FACTURA,PROPIO,CAR,,,VENTAS MISCELANEAS,EXCESO DE EQUIPAJE TTP,EFE,SI,NO,TRANSACCION TTP TMS,TMS-VENTAS MISCELANEAS-EXCESO EQIPAJE--EFE-,,SI,SANTANDER_8285,,DDMMRRRR,CART,D,10
,TTP_BU,TMS,FACTURA,PROPIO,CAPU,,,VENTAS MISCELANEAS,DIFERENCIA POR HO,EFE,SI,NO,TRANSACCION TTP TMS,TMS-VENTAS MIS-CARGO POR CAMBIO DE HORARIO-IVA-16,,SI,SANTANDER_8285,,DDMMRRRR,CAPUT,D,10
,TTP_BU,TMS,FACTURA,PROPIO,PASDEST,,,VENTAS MISCELANEAS,DIRECTO TTP TTP,EFE,SI,NO,TRANSACCION TTP TMS,TMS-VENTAS MISCELANEAS-DIRECTO TTP TTP--EFE-AR_IVA,,SI,HSBC 0764,,DDMMRRRR,PDESTT,D,10
,TTP_BU,TMS,FACTURA,PROPIO,CAPU,,,INTERMEDIO TTP,,EFE,SI,NO,TRANSACCION TTP TMS,TMS-INTERMEDIO TTP---EFE-AR_IVA16,,SI,SANTANDER_8285,,DDMMRRRR,CAPUT,D,10
,TTP_BU,TMS,FACTURA,PROPIO,PASDEST,,,EBUS TTP1,,EFE,SI,NO,TRANSACCION TTP TMS,TMS-EBUS TTP1---EFE-AR_IVA16,,SI,HSBC 0764,,DDMMRRRR,PDESTT,D,10
,TTP_BU,TMS,FACTURA,PROPIO,CAPSETEX,,,DIRECTO TTP,,EFE,SI,NO,TRANSACCION TTP TMS,TMS-DIRECTO TTP---EFE-AR_IVA_16,,SI,SANTANDER_8285,,DDMMRRRR,CAPSETEXT,D,10
,TTP_BU,TMS,FACTURA,PROPIO,SMA,,,INTERMEDIO PISTA,,EFE,SI,NO,TRANSACCION TTP TMS,TMS-INTERMEDIO PISTA TTP---EFE-AR_IVA_16,,SI,SANTANDER_8285,,DDMMRRRR,SMAT,D,10
,TTP_BU,TMS,FACTURA,PROPIO,SMA,,,INTERMEDIO,,EFE,SI,NO,TRANSACCION TTP TMS,TMS-INTERMEDIO TTP---EFE-AR_IVA16,,SI,SANTANDER_8285,,DDMMRRRR,SMAT,D,10
,TTP_BU,TMS,FACTURA,PROPIO,HUEJO,,,INTERMEDIO,,EFE,SI,NO,TRANSACCION TTP TMS,TMS-INTERMEDIO TTP---EFE-AR_IVA16,,SI,SANTANDER_8285,,DDMMRRRR,HUEJOT,D,10
,TTP_BU,TMS,FACTURA,PROPIO,SMA,,,DIRECTO TTP,,EFE,SI,NO,TRANSACCION TTP TMS,TMS-DIRECTO TTP---EFE-AR_IVA_16,,SI,SANTANDER_8285,,DDMMRRRR,SMAT,D,10
,TTP_BU,TMS,FACTURA,PROPIO,CAPSETEX,,,INTERMEDIO,,EFE,SI,NO,TRANSACCION TTP TMS,TMS-INTERMEDIO TTP---EFE-AR_IVA16,,SI,SANTANDER_8285,,DDMMRRRR,CAPSETEXT,D,10
,TTP_BU,TMS,FACTURA,PROPIO,PSNDIEGO,,,INTERMEDIO TTP,,EFE,SI,NO,TRANSACCION TTP TMS,TMS-INTERMEDIO TTP---EFE-AR_IVA16,,SI,SANTANDER_8285,,DDMMRRRR,PSDGT,D,10
,TTP_BU,TMS,FACTURA,PROPIO,PSNDIEGO,,,VENTAS MISCELANEAS,AUDIFONOS EBUS,EFE,SI,NO,TRANSACCION TTP TMS,TMS-VENTAS MISCELANEAS-AUDIFONOS EBUS,,SI,SANTANDER_8285,,DDMMRRRR,PSDGT,D,10
,TTP_BU,TMS,FACTURA,PROPIO,PSNDIEGO,,,EBUS TTP1,,EFE,SI,NO,TRANSACCION TTP TMS,TMS-EBUS TTP1---EFE-AR_IVA16,,SI,SANTANDER_8285,,DDMMRRRR,PSDGT,D,10
,CONTERSA_BU,TMS,FACTURA,PROPIO,PSNDIEGO,,,SERVICIO DE TURISMO CT,,EFE,SI,NO,TRANSACCIONES CT TMS,TMS-SERVICIO DE TURISMO CT---EFE-,,SI,SANTANDER_0995,,DDMMRRRR,PSDGT,D,10
,TTP_BU,TMS,FACTURA,PROPIO,PSNDIEGO,,,VENTAS MISCELANEAS,DIFERENCIA POR CA,EFE,SI,NO,TRANSACCION TTP TMS,TMS-VENTAS MIS-CARGO POR CAMBIO DE HORARIO-IVA-16,,SI,SANTANDER_8285,,DDMMRRRR,PSDGT,D,10
,TTP_BU,TMS,FACTURA,PROPIO,PSNDIEGO,,,VENTAS MISCELANEAS,DIFERENCIA POR HO,EFE,SI,NO,TRANSACCION TTP TMS,TMS-VENTAS MIS-CARGO POR CAMBIO DE HORARIO-IVA-16,,SI,SANTANDER_8285,,DDMMRRRR,PSDGT,D,10
,TTP_BU,TMS,FACTURA,PROPIO,CAPU,,,EBUS TTP1,,EFE,SI,NO,TRANSACCION TTP TMS,TMS-EBUS TTP1---EFE-AR_IVA16,,SI,SANTANDER_8285,,DDMMRRRR,CAPUT,D,10
,TTP_BU,TMS,FACTURA,PROPIO,CAPU,,,DIRECTO TTP,,EFE,SI,NO,TRANSACCION TTP TMS,TMS-DIRECTO TTP---EFE-AR_IVA_16,,SI,SANTANDER_8285,,DDMMRRRR,CAPUT,D,10
,TTP_BU,TMS,FACTURA,PROPIO,CAPU,,,INTERMEDIO PISTA TTP,,EFE,SI,NO,TRANSACCION TTP TMS,TMS-INTERMEDIO PISTA TTP---EFE-AR_IVA_16,,SI,SANTANDER_8285,,DDMMRRRR,CAPUT,D,10
,TTP_BU,TMS,FACTURA,PROPIO,CAPU,,,VENTAS MISCELANEAS,DIFERENCIA POR CA,EFE,SI,NO,TRANSACCION TTP TMS,TMS-VENTAS MIS-CARGO POR CAMBIO DE HORARIO-IVA-16,,SI,SANTANDER_8285,,DDMMRRRR,CAPUT,D,10
,TTP_BU,TMS,FACTURA,PROPIO,CAPU,,,VENTAS MISCELANEAS,DIRECTO TTP TTP,EFE,SI,NO,TRANSACCION TTP TMS,TMS-VENTAS MISCELANEAS-DIRECTO TTP TTP--EFE-AR_IVA,,SI,SANTANDER_8285,,DDMMRRRR,CAPUT,D,10
,TTP_BU,TMS,FACTURA,PROPIO,CAPU,,,VENTAS MISCELANEAS,INTERMEDIO TTP,EFE,SI,NO,TRANSACCION TTP TMS,TMS-VENTAS MISCELANEAS-INTERMEDIO TTP--EFE-AR_IVA_,,SI,SANTANDER_8285,,DDMMRRRR,CAPUT,D,10
,AMPERSA_BU,TMS,FACTURA,PROPIO,CAPU,,,DIRECTO ECONOMICO,,EFE,SI,NO,TRANSACCIONES ER TMS,TMS-DIRECTO ECONOMICO ER---EFE-AR_IVA16,,SI,SANTANDER_3550,,DDMMRRRR,CAPUT,D,10
,AMPERSA_BU,TMS,FACTURA,PROPIO,CAPU,,,AEROPUERTO,,EFE,SI,NO,TRANSACCIONES ER TMS,TMS-AEROPUERTO---EFE-AR_IVA16,,SI,SANTANDER_3550,,DDMMRRRR,CAPUT,D,10
,AMPERSA_BU,TMS,FACTURA,PROPIO,CAPU,,,PULLMAN PRIMERA CLASE,,EFE,SI,NO,TRANSACCIONES ER TMS,TMS-PULLMAN PRIMERA CLASE---EFE-AR_IVA16,,SI,SANTANDER_3550,,DDMMRRRR,CAPUT,D,10
,AMPERSA_BU,TMS,FACTURA,PROPIO,CAPU,,,VENTAS MISCELANEAS,AUDIFONOS AEROPUERTO,EFE,SI,NO,TRANSACCIONES ER TMS,TMS-VENTAS MISCELANEAS-AUDIFONOS AEROPUERTO--EFE-,,SI,SANTANDER_3550,,DDMMRRRR,CAPUT,D,10
,AMPERSA_BU,TMS,FACTURA,PROPIO,CAPU,,,VENTAS MISCELANEAS,AUDIFONOS PRIMERA CLASE,EFE,SI,NO,TRANSACCIONES ER TMS,TMS-VENTAS MISCELANEAS-AUDIFONOS AEROPUERTO--EFE-,,SI,SANTANDER_3550,,DDMMRRRR,CAPUT,D,10
,AMPERSA_BU,TMS,FACTURA,PROPIO,CAPU,,,VENTAS MISCELANEAS,CARGO POR CAMBIO DE HORARIO,EFE,SI,NO,TRANSACCIONES ER TMS,TMS-VENTAS MISC-CARGO CAMBIO HORAR-EFE-IVA16,,SI,SANTANDER_3550,,DDMMRRRR,CAPUT,D,10
,AMPERSA_BU,TMS,FACTURA,PROPIO,CAPU,,,VENTAS MISCELANEAS,DIFERENCIA POR CA,EFE,SI,NO,TRANSACCIONES ER TMS,TMS VENTAS MISC CARGO X CAMBIO HORA-BBV-AR_IVA16,,SI,SANTANDER_3550,,DDMMRRRR,CAPUT,D,10
,AMPERSA_BU,TMS,FACTURA,PROPIO,CAPU,,,VENTAS MISCELANEAS,DIFERENCIA POR HO,EFE,SI,NO,TRANSACCIONES ER TMS,TMS-VENTAS MISC-CARGO CAMBIO HORAR-EFE-IVA16,,SI,SANTANDER_3550,,DDMMRRRR,CAPUT,D,10
,AMPERSA_BU,TMS,FACTURA,PROPIO,CAPU,,,VENTAS MISCELANEAS,EXCESO EQUIPAJE,EFE,SI,NO,TRANSACCIONES ER TMS,TMS-VENTAS MISCELANEAS-EXCESO EQUIPAJE--EFE,,SI,SANTANDER_3550,,DDMMRRRR,CAPUT,D,10
,AMPERSA_BU,TMS,FACTURA,PROPIO,CAPU,,,VENTAS MISCELANEAS,IUSACELL,EFE,SI,NO,TRANSACCIONES ER TMS,TMS-VENTAS MISCELANEAS-IUSACELL--EFE-AR_IVA16,,SI,SANTANDER_3550,,DDMMRRRR,CAPUT,D,10
,AMPERSA_BU,TMS,FACTURA,PROPIO,CAPU,,,VENTAS MISCELANEAS,JUCONI,EFE,SI,NO,TRANSACCIONES ER TMS,TMS-VENTAS MISCELANEAS-JUCONI--EFE,,SI,SANTANDER_3550,,DDMMRRRR,CAPUT,D,10
,AMPERSA_BU,TMS,FACTURA,PROPIO,CAPU,,,VENTAS MISCELANEAS,KIT CRUZ ROJA,EFE,SI,NO,TRANSACCIONES ER TMS,TMS-VENTAS MISCELANEAS-KITCRUZROJA,,SI,SANTANDER_3550,,DDMMRRRR,CAPUT,D,10
,AMPERSA_BU,TMS,FACTURA,PROPIO,CAPU,,,VENTAS MISCELANEAS,MOVISTAR,EFE,SI,NO,TRANSACCIONES ER TMS,TMS-VENTAS MISCELANEAS-MOVISTAR--EFE-AR_IVA16,,SI,SANTANDER_3550,,DDMMRRRR,CAPUT,D,10
,AMPERSA_BU,TMS,FACTURA,PROPIO,CAPU,,,VENTAS MISCELANEAS,UNEFON,EFE,SI,NO,TRANSACCIONES ER TMS,TMS-VENTAS MISCELANEAS-TELCEL--EFE-AR_IVA16,,SI,SANTANDER_3550,,DDMMRRRR,CAPUT,D,10
,AMPERSA_BU,TMS,FACTURA,PROPIO,CAPU,,,VENTAS MISCELANEAS,TELCEL,EFE,SI,NO,TRANSACCIONES ER TMS,TMS-VENTAS MISCELANEAS-TELCEL--EFE-AR_IVA16,,SI,SANTANDER_3550,,DDMMRRRR,CAPUT,D,10
,AMPERSA_BU,TMS,FACTURA,PROPIO,CAPU,,,VENTAS MISCELANEAS,NEXTEL,EFE,SI,NO,TRANSACCIONES ER TMS,TMS-VENTAS MISCELANEAS-NEXTEL--EFE-AR_IVA16,,SI,SANTANDER_3550,,DDMMRRRR,CAPUT,D,10
,AMPERSA_BU,TMS,FACTURA,PROPIO,CAPU,,,VENTAS MISCELANEAS,VIRGIN,EFE,SI,NO,TRANSACCIONES ER TMS,TMS-VENTAS MISCELANEAS-TELCEL--EFE-AR_IVA16,,SI,SANTANDER_3550,,DDMMRRRR,CAPUT,D,10
,AMPERSA_BU,TMS,FACTURA,PROPIO,CAPU,,,VENTAS MISCELANEAS,PULLMAN PRIMERA CLASE ER,EFE,SI,NO,TRANSACCIONES ER TMS,TMS-VENTAS MISCELANEAS-PULLMAN PRIMERA CLASE ER--E,,SI,SANTANDER_3550,,DDMMRRRR,CAPUT,D,10
,AMPERSA_BU,ESTACIONAMIENTO,FACTURA,PROPIO,4PTE,,,SERVICIO DE ESTACIONAMIENTO,,EFE,SI,NO,TRANSACCIONES ER TMS,ESTACIONAMIENTO-SERVICIO DE ESTACIONAMIENTO--EFE,,SI,SANTANDER_3550,,DDMMRRRR,4PTE,D,10
,AMPERSA_BU,TMS,FACTURA,PROPIO,AERO,,,AEROPUERTO,,EFE,SI,NO,TRANSACCIONES ER TMS,TMS-AEROPUERTO---EFE-AR_IVA16,,SI,SANTANDER_3550,,DDMMRRRR,AEROT,D,10
,AMPERSA_BU,TMS,FACTURA,PROPIO,AERO,,,VENTAS MISCELANEAS,JUCONI,EFE,SI,NO,TRANSACCIONES ER TMS,TMS-VENTAS MISCELANEAS-JUCONI--EFE,,SI,SANTANDER_3550,,DDMMRRRR,AEROT,D,10
,AMPERSA_BU,TMS,FACTURA,PROPIO,AERO,,,PULLMAN PRIMERA CLASE,,EFE,SI,NO,TRANSACCIONES ER TMS,TMS-PULLMAN PRIMERA CLASE---EFE-AR_IVA16,,SI,SANTANDER_3550,,DDMMRRRR,AEROT,D,10
,AMPERSA_BU,TMS,FACTURA,PROPIO,AERO,,,DIRECTO ECONOMICO,,EFE,SI,NO,TRANSACCIONES ER TMS,TMS-DIRECTO ECONOMICO ER---EFE-AR_IVA16,,SI,SANTANDER_3550,,DDMMRRRR,AEROT,D,10
,AMPERSA_BU,TMS,FACTURA,PROPIO,AERO,,,VENTAS MISCELANEAS,AUDIFONOS AEROPUERTO,EFE,SI,NO,TRANSACCIONES ER TMS,TMS-VENTAS MISCELANEAS-AUDIFONOS AEROPUERTO--EFE-,,SI,SANTANDER_3550,,DDMMRRRR,AEROT,D,10
,AMPERSA_BU,TMS,FACTURA,PROPIO,AERO,,,VENTAS MISCELANEAS,CARGO POR CAMBIO DE HORARIO,EFE,SI,NO,TRANSACCIONES ER TMS,TMS-VENTAS MISC-CARGO CAMBIO HORAR-EFE-IVA16,,SI,SANTANDER_3550,,DDMMRRRR,AEROT,D,10
,AMPERSA_BU,TMS,FACTURA,PROPIO,AERO,,,VENTAS MISCELANEAS,TELCEL,EFE,SI,NO,TRANSACCIONES ER TMS,TMS-VENTAS MISCELANEAS-TELCEL--EFE-AR_IVA16,,SI,SANTANDER_3550,,DDMMRRRR,AEROT,D,10
,AMPERSA_BU,TMS,FACTURA,PROPIO,AERO,,,VENTAS MISCELANEAS,DIFERENCIA POR HO,EFE,SI,NO,TRANSACCIONES ER TMS,TMS-VENTAS MISC-CARGO CAMBIO HORAR-EFE-IVA16,,SI,SANTANDER_3550,,DDMMRRRR,AEROT,D,10
,AMPERSA_BU,TMS,FACTURA,PROPIO,AERO,,,VENTAS MISCELANEAS,UNEFON,EFE,SI,NO,TRANSACCIONES ER TMS,TMS-VENTAS MISCELANEAS-TELCEL--EFE-AR_IVA16,,SI,SANTANDER_3550,,DDMMRRRR,AEROT,D,10
,AMPERSA_BU,TMS,FACTURA,PROPIO,AERO,,,VENTAS MISCELANEAS,MOVISTAR,EFE,SI,NO,TRANSACCIONES ER TMS,TMS-VENTAS MISCELANEAS-MOVISTAR--EFE-AR_IVA16,,SI,SANTANDER_3550,,DDMMRRRR,AEROT,D,10
,AMPERSA_BU,TMS,FACTURA,PROPIO,AERO,,,VENTAS MISCELANEAS,DIFERENCIA POR CA,EFE,SI,NO,TRANSACCIONES ER TMS,TMS VENTAS MISC CARGO X CAMBIO HORA-BBV-AR_IVA16,,SI,SANTANDER_3550,,DDMMRRRR,AEROT,D,10
,AMPERSA_BU,TMS,FACTURA,PROPIO,AERO,,,VENTAS MISCELANEAS,EXCESO EQUIPAJE,EFE,SI,NO,TRANSACCIONES ER TMS,TMS-VENTAS MISCELANEAS-EXCESO EQUIPAJE--EFE,,SI,SANTANDER_3550,,DDMMRRRR,AEROT,D,10
,AMPERSA_BU,TMS,FACTURA,PROPIO,AERO,,,VENTAS MISCELANEAS,IUSACELL,EFE,SI,NO,TRANSACCIONES ER TMS,TMS-VENTAS MISCELANEAS-IUSACELL--EFE-AR_IVA16,,SI,SANTANDER_3550,,DDMMRRRR,AEROT,D,10
,AMPERSA_BU,TMS,FACTURA,PROPIO,AERO,,,VENTAS MISCELANEAS,AEROPUERTO ER,EFE,SI,NO,TRANSACCIONES ER TMS,TMS-VENTAS MISCELANEAS-AEROPUERTO ER--EFE-AR_IVA16,,SI,SANTANDER_3550,,DDMMRRRR,AEROT,D,10
,AMPERSA_BU,TMS,FACTURA,PROPIO,AERO,,,VENTAS MISCELANEAS,KIT CRUZ ROJA,EFE,SI,NO,TRANSACCIONES ER TMS,TMS-VENTAS MISCELANEAS-KITCRUZROJA,,SI,SANTANDER_3550,,DDMMRRRR,AEROT,D,10
,AMPERSA_BU,TMS,FACTURA,PROPIO,AERO,,,VENTAS MISCELANEAS,VIRGIN,EFE,SI,NO,TRANSACCIONES ER TMS,TMS-VENTAS MISCELANEAS-TELCEL--EFE-AR_IVA16,,SI,SANTANDER_3550,,DDMMRRRR,AEROT,D,10
,AMPERSA_BU,TMS,FACTURA,PROPIO,AERO,,,AEROPUERTO,,BBV,SI,NO,TRANSACCIONES ER TMS,TMS-AEROPUERTO---BBV-AR_IVA16,,SI,SANTANDER_3550,,,AFIL.-009270083,D,6000
,AMPERSA_BU,TMS,FACTURA,PROPIO,AERO,,,DIRECTO ECONOMICO,,BBV,SI,NO,TRANSACCIONES ER TMS,TMS-DIRECTO ECONOMICO---BBV-AR_IVA16,,SI,SANTANDER_3550,,,AFIL.-009270083,D,6000
,AMPERSA_BU,TMS,FACTURA,PROPIO,AERO,,,PULLMAN PRIMERA CLASE,,BBV,SI,NO,TRANSACCIONES ER TMS,TMS-PULLMAN PRIMERA CLASE---BBV-AR_IVA16,,SI,SANTANDER_3550,,,AFIL.-009270083,D,6000
,AMPERSA_BU,TMS,FACTURA,TERCEROS,AERO,,,VENTAS MISCELANEAS,JUCONI,BBV,SI,NO,TRANSACCIONES ER TMS,TMS-VENTAS MISC-JUCONI-BBV-AP_IVA_NO_GRAVADO,,SI,SANTANDER_3550,,,AFIL.-009270083,D,6000
,AMPERSA_BU,TMS,FACTURA,PROPIO,AERO,,,VENTAS MISCELANEAS,DIFERENCIA POR HO,BBV,SI,NO,TRANSACCIONES ER TMS,TMS VENTAS MISC CARGO X CAMBIO HORA-BBV-AR_IVA16,,SI,SANTANDER_3550,,,AFIL.-009270083,D,6000
,AMPERSA_BU,TMS,FACTURA,PROPIO,AERO,,,VENTAS MISCELANEAS,CARGO POR CAMBIO DE HORARIO,BBV,SI,NO,TRANSACCIONES ER TMS,TMS VENTAS MISC CARGO X CAMBIO HORA-BBV-AR_IVA16,,SI,SANTANDER_3550,,,AFIL.-009270083,D,6000
,TTP_BU,TMS,FACTURA,PROPIO,CAPSETEX,,,VENTAS MISCELANEAS,INTERMEDIO TTP,EFE,SI,NO,TRANSACCION TTP TMS,TMS-VENTAS MISCELANEAS-INTERMEDIO TTP--EFE-AR_IVA_,,SI,SANTANDER_8285,,DDMMRRRR,CAPSETEXT,D,10
,TTP_BU,TMS,FACTURA,PROPIO,CAPSETEX,,,VENTAS MISCELANEAS,DIRECTO TTP TTP,EFE,SI,NO,TRANSACCION TTP TMS,TMS-VENTAS MISCELANEAS-DIRECTO TTP TTP--EFE-AR_IVA,,SI,SANTANDER_8285,,DDMMRRRR,CAPSETEXT,D,10
,TTP_BU,TMS,FACTURA,PROPIO,CAPSETEX,,,VENTAS MISCELANEAS,INTERMEDIO PISTA TTP,EFE,SI,NO,TRANSACCION TTP TMS,TMS-VENTAS MISCELANEAS-INTERMEDIO PISTA TTP--EFE-A,,SI,SANTANDER_8285,,DDMMRRRR,CAPSETEXT,D,10
,TTP_BU,TMS,FACTURA,PROPIO,CAPSETEX,,,VENTAS MISCELANEAS,DIFERENCIA POR HO,EFE,SI,NO,TRANSACCION TTP TMS,TMS-VENTAS MIS-CARGO POR CAMBIO DE HORARIO-IVA-16,,SI,SANTANDER_8285,,DDMMRRRR,CAPSETEXT,D,10
,AMPERSA_BU,TMS,FACTURA,PROPIO,CAPSETEX,,,PULLMAN PRIMERA CLASE ER,,EFE,SI,NO,TRANSACCIONES ER TMS,TMS-PULLMAN PRIMERA CLASE---EFE-AR_IVA16,,SI,SANTANDER_3550,,DDMMRRRR,CAPSETEXT,D,10
,AMPERSA_BU,TMS,FACTURA,PROPIO,CAPSETEX,,,DIRECTO ECONOMICO ER,,EFE,SI,NO,TRANSACCIONES ER TMS,TMS-DIRECTO ECONOMICO ER---EFE-AR_IVA16,,SI,SANTANDER_3550,,DDMMRRRR,CAPSETEXT,D,10
,AMPERSA_BU,TMS,FACTURA,PROPIO,CAPSETEX,,,AEROPUERTO ER,,EFE,SI,NO,TRANSACCIONES ER TMS,TMS-AEROPUERTO---EFE-AR_IVA16,,SI,SANTANDER_3550,,DDMMRRRR,CAPSETEXT,D,10
,AMPERSA_BU,TMS,FACTURA,PROPIO,CAPSETEX,,,VENTAS MISCELANEAS,TELCEL,EFE,SI,NO,TRANSACCIONES ER TMS,TMS-VENTAS MISCELANEAS-TELCEL--EFE-AR_IVA16,,SI,SANTANDER_3550,,DDMMRRRR,CAPSETEXT,D,10
,AMPERSA_BU,TMS,FACTURA,PROPIO,CAPSETEX,,,VENTAS MISCELANEAS,MOVISTAR,EFE,SI,NO,TRANSACCIONES ER TMS,TMS-VENTAS MISCELANEAS-MOVISTAR--EFE-AR_IVA16,,SI,SANTANDER_3550,,DDMMRRRR,CAPSETEXT,D,10
,AMPERSA_BU,TMS,FACTURA,PROPIO,CAPSETEX,,,VENTAS MISCELANEAS,KIT CRUZ ROJA,EFE,SI,NO,TRANSACCIONES ER TMS,TMS-VENTAS MISCELANEAS-KITCRUZROJA,,SI,SANTANDER_3550,,DDMMRRRR,CAPSETEXT,D,10
,AMPERSA_BU,TMS,FACTURA,PROPIO,CAPSETEX,,,VENTAS MISCELANEAS,UNEFON,EFE,SI,NO,TRANSACCIONES ER TMS,TMS-VENTAS MISCELANEAS-TELCEL--EFE-AR_IVA16,,SI,SANTANDER_3550,,DDMMRRRR,CAPSETEXT,D,10
,AMPERSA_BU,TMS,FACTURA,PROPIO,CAPSETEX,,,VENTAS MISCELANEAS,CARGO POR CAMBIO DE HORARIO,EFE,SI,NO,TRANSACCIONES ER TMS,TMS-VENTAS MISC-CARGO CAMBIO HORAR-EFE-IVA16,,SI,SANTANDER_3550,,DDMMRRRR,CAPSETEXT,D,10
,AMPERSA_BU,TMS,FACTURA,PROPIO,CAPSETEX,,,VENTAS MISCELANEAS,EXCESO EQUIPAJE,EFE,SI,NO,TRANSACCIONES ER TMS,TMS-VENTAS MISCELANEAS-EXCESO EQUIPAJE--EFE,,SI,SANTANDER_3550,,DDMMRRRR,CAPSETEXT,D,10
,AMPERSA_BU,TMS,FACTURA,PROPIO,CAPSETEX,,,VENTAS MISCELANEAS,IUSACELL,EFE,SI,NO,TRANSACCIONES ER TMS,TMS-VENTAS MISCELANEAS-IUSACELL--EFE-AR_IVA16,,SI,SANTANDER_3550,,DDMMRRRR,CAPSETEXT,D,10
,AMPERSA_BU,TMS,FACTURA,PROPIO,CAPSETEX,,,VENTAS MISCELANEAS,DIFERENCIA POR HO,EFE,SI,NO,TRANSACCIONES ER TMS,TMS-VENTAS MISC-CARGO CAMBIO HORAR-EFE-IVA16,,SI,SANTANDER_3550,,DDMMRRRR,CAPSETEXT,D,10
,AMPERSA_BU,TMS,FACTURA,TERCEROS,CAPSETEX,,,INTERMEDIO,,BBV,SI,NO,TRANSACCIONES ER TMS,TMS-INTERMEDIO TTP---BBV-AP_IVA_NO_GRAVADO,,SI,SANTANDER_3550,,,AFIL.-007273370,D,2000
,AMPERSA_BU,TMS,FACTURA,PROPIO,CAPSETEX,,,DIRECTO ECONOMICO ER,,BBV,SI,NO,TRANSACCIONES ER TMS,TMS-DIRECTO ECONOMICO---BBV-AR_IVA16,,SI,SANTANDER_3550,,,AFIL.-007273370,D,2000
,AMPERSA_BU,TMS,FACTURA,PROPIO,CAPSETEX,,,PULLMAN PRIMERA CLASE ER,,BBV,SI,NO,TRANSACCIONES ER TMS,TMS-PULLMAN PRIMERA CLASE---BBV-AR_IVA16,,SI,SANTANDER_3550,,,AFIL.-007273370,D,2000
,AMPERSA_BU,TMS,FACTURA,TERCEROS,CAPSETEX,,,DIRECTO TTP,,BBV,SI,NO,TRANSACCIONES ER TMS,TMS-DIRECTO TTP---BBV-AP_IVA_NO_GRAVADO,,SI,SANTANDER_3550,,,AFIL.-007273370,D,2000
,AMPERSA_BU,TMS,FACTURA,TERCEROS,CAPSETEX,,,INTERMEDIO PISTA,,BBV,SI,NO,TRANSACCIONES ER TMS,TMS-INTERMEDIO PISTA---BBV-AP_IVA_NO_GRAVADO,,SI,SANTANDER_3550,,,AFIL.-007273370,D,2000
,AMPERSA_BU,TMS,FACTURA,PROPIO,CAPSETEX,,,AEROPUERTO ER,,BBV,SI,NO,TRANSACCIONES ER TMS,TMS-AEROPUERTO---BBV-AR_IVA16,,SI,SANTANDER_3550,,,AFIL.-007273370,D,2000
,AMPERSA_BU,TMS,FACTURA,TERCEROS,CAPSETEX,,,SERVICIO DE TURISMO CT,,BBV,SI,NO,TRANSACCIONES ER TMS,TMS-SERVICIO DE TURISMO CT---BBV-AP_IVA_NO_GRAVADO,,SI,SANTANDER_3550,,,AFIL.-007273370,D,2000
,AMPERSA_BU,TMS,FACTURA,PROPIO,CAPU,,,AEROPUERTO,,BBV,SI,NO,TRANSACCIONES ER TMS,TMS-AEROPUERTO---BBV-AR_IVA16,,SI,SANTANDER_3550,,,AFIL.-009180159,D,10000
,AMPERSA_BU,TMS,FACTURA,PROPIO,CAPU,,,DIRECTO ECONOMICO,,BBV,SI,NO,TRANSACCIONES ER TMS,TMS-DIRECTO ECONOMICO---BBV-AR_IVA16,,SI,SANTANDER_3550,,,AFIL.-009180159,D,10000
,AMPERSA_BU,TMS,FACTURA,TERCEROS,CAPU,,,DIRECTO TTP TTP,,BBV,SI,NO,TRANSACCIONES ER TMS,TMS-DIRECTO TTP---BBV-AP_IVA_NO_GRAVADO,,SI,SANTANDER_3550,,,AFIL.-009180159,D,10000
,AMPERSA_BU,TMS,FACTURA,TERCEROS,CAPU,,,EBUS TTP1,,BBV,SI,NO,TRANSACCIONES ER TMS,TMS-EBUS TTP1---BBV-AP_IVA_NO_GRAVADO,,SI,SANTANDER_3550,,,AFIL.-009180159,D,10000
,AMPERSA_BU,TMS,FACTURA,TERCEROS,CAPU,,,INTERMEDIO PISTA TTP,,BBV,SI,NO,TRANSACCIONES ER TMS,TMS-INTERMEDIO PISTA---BBV-AP_IVA_NO_GRAVADO,,SI,SANTANDER_3550,,,AFIL.-009180159,D,10000
,AMPERSA_BU,TMS,FACTURA,TERCEROS,CAPU,,,INTERMEDIO TTP,,BBV,SI,NO,TRANSACCIONES ER TMS,TMS-INTERMEDIO TTP---BBV-AP_IVA_NO_GRAVADO,,SI,SANTANDER_3550,,,AFIL.-009180159,D,10000
,AMPERSA_BU,TMS,FACTURA,PROPIO,CAPU,,,PULLMAN PRIMERA CLASE,,BBV,SI,NO,TRANSACCIONES ER TMS,TMS-PULLMAN PRIMERA CLASE---BBV-AR_IVA16,,SI,SANTANDER_3550,,,AFIL.-009180159,D,10000
,AMPERSA_BU,TMS,FACTURA,TERCEROS,CAPU,,,SERVICIO DE TURISMO CT,,BBV,SI,NO,TRANSACCIONES ER TMS,TMS-SERVICIO DE TURISMO CT---BBV-AP_IVA_NO_GRAVADO,,SI,SANTANDER_3550,,,AFIL.-009180159,D,10000
,AMPERSA_BU,TMS,FACTURA,PROPIO,CAPU,,,VENTAS MISCELANEAS,CARGO POR CAMBIO DE HORARIO,BBV,SI,NO,TRANSACCIONES ER TMS,TMS VENTAS MISC CARGO X CAMBIO HORA-BBV-AR_IVA16,,SI,SANTANDER_3550,,,AFIL.-009180159,D,10000
,AMPERSA_BU,TMS,FACTURA,PROPIO,CAPU,,,VENTAS MISCELANEAS,DIFERENCIA POR HO,BBV,SI,NO,TRANSACCIONES ER TMS,TMS VENTAS MISC CARGO X CAMBIO HORA-BBV-AR_IVA16,,SI,SANTANDER_3550,,,AFIL.-009180159,D,10000
,AMPERSA_BU,TMS,FACTURA,TERCEROS,CAPU,,,VENTAS MISCELANEAS,JUCONI,BBV,SI,NO,TRANSACCIONES ER TMS,TMS-VENTAS MISC-JUCONI-BBV-AP_IVA_NO_GRAVADO,,SI,SANTANDER_3550,,,AFIL.-009180159,D,10000
,AMPERSA_BU,TMS,FACTURA,PROPIO,HUEJO,,,AEROPUERTO ER,,EFE,SI,NO,TRANSACCIONES ER TMS,TMS-AEROPUERTO---EFE-AR_IVA16,,SI,SANTANDER_3550,,DDMMRRRR,HUEJOT,D,10
,AMPERSA_BU,TMS,FACTURA,PROPIO,HUEJO,,,DIRECTO ECONOMICO ER,,EFE,SI,NO,TRANSACCIONES ER TMS,TMS-DIRECTO ECONOMICO ER---EFE-AR_IVA16,,SI,SANTANDER_3550,,DDMMRRRR,HUEJOT,D,10
,AMPERSA_BU,TMS,FACTURA,PROPIO,HUEJO,,,VENTAS MISCELANEAS,KIT CRUZ ROJA,EFE,SI,NO,TRANSACCIONES ER TMS,TMS-VENTAS MISCELANEAS-KITCRUZROJA,,SI,SANTANDER_3550,,DDMMRRRR,HUEJOT,D,10
,AMPERSA_BU,TMS,FACTURA,PROPIO,HUEJO,,,VENTAS MISCELANEAS,JUCONI,EFE,SI,NO,TRANSACCIONES ER TMS,TMS-VENTAS MISCELANEAS-JUCONI--EFE,,SI,SANTANDER_3550,,DDMMRRRR,HUEJOT,D,10
,AMPERSA_BU,TMS,FACTURA,PROPIO,HUEJO,,,VENTAS MISCELANEAS,MOVISTAR,EFE,SI,NO,TRANSACCIONES ER TMS,TMS-VENTAS MISCELANEAS-MOVISTAR--EFE-AR_IVA16,,SI,SANTANDER_3550,,DDMMRRRR,HUEJOT,D,10
,AMPERSA_BU,TMS,FACTURA,PROPIO,HUEJO,,,VENTAS MISCELANEAS,UNEFON,EFE,SI,NO,TRANSACCIONES ER TMS,TMS-VENTAS MISCELANEAS-TELCEL--EFE-AR_IVA16,,SI,SANTANDER_3550,,DDMMRRRR,HUEJOT,D,10
,AMPERSA_BU,TMS,FACTURA,PROPIO,HUEJO,,,VENTAS MISCELANEAS,TELCEL,EFE,SI,NO,TRANSACCIONES ER TMS,TMS-VENTAS MISCELANEAS-TELCEL--EFE-AR_IVA16,,SI,SANTANDER_3550,,DDMMRRRR,HUEJOT,D,10
,AMPERSA_BU,TMS,FACTURA,PROPIO,HUEJO,,,VENTAS MISCELANEAS,IUSACELL,EFE,SI,NO,TRANSACCIONES ER TMS,TMS-VENTAS MISCELANEAS-IUSACELL--EFE-AR_IVA16,,SI,SANTANDER_3550,,DDMMRRRR,HUEJOT,D,10
,AMPERSA_BU,TMS,FACTURA,PROPIO,HUEJO,,,VENTAS MISCELANEAS,DIRECTO ECONOMICO ER,EFE,SI,NO,TRANSACCIONES ER TMS,TMS-VENTAS MISCELANEAS-DIRECTO ECONOMICO ER--EFE-A,,SI,SANTANDER_3550,,DDMMRRRR,HUEJOT,D,10
,AMPERSA_BU,TMS,FACTURA,PROPIO,HUEJO,,,AEROPUERTO ER,,BBV,SI,NO,TRANSACCIONES ER TMS,TMS-AEROPUERTO---BBV-AR_IVA16,,SI,SANTANDER_3550,,,AFIL.-007273370,D,2000
,AMPERSA_BU,TMS,FACTURA,PROPIO,HUEJO,,,DIRECTO ECONOMICO ER,,BBV,SI,NO,TRANSACCIONES ER TMS,TMS-DIRECTO ECONOMICO---BBV-AR_IVA16,,SI,SANTANDER_3550,,,AFIL.-007273370,D,2000
,AMPERSA_BU,TMS,FACTURA,TERCEROS,HUEJO,,,INTERMEDIO,,BBV,SI,NO,TRANSACCIONES ER TMS,TMS-INTERMEDIO TTP---BBV-AP_IVA_NO_GRAVADO,,SI,SANTANDER_3550,,,AFIL.-007273370,D,2000
,AMPERSA_BU,TMS,FACTURA,TERCEROS,HUEJO,,,VENTAS MISCELANEAS,JUCONI,BBV,SI,NO,TRANSACCIONES ER TMS,TMS-VENTAS MISC-JUCONI-BBV-AP_IVA_NO_GRAVADO,,SI,SANTANDER_3550,,,AFIL.-007273370,D,2000
,TTP_BU,TMS,FACTURA,PROPIO,HUEJO,,,VENTAS MISCELANEAS,INTERMEDIO TTP,EFE,SI,NO,TRANSACCION TTP TMS,TMS-VENTAS MISCELANEAS-INTERMEDIO TTP--EFE-AR_IVA_,,SI,SANTANDER_8285,,DDMMRRRR,HUEJOT,D,10
,TTP_BU,TMS,FACTURA,PROPIO,CAR,,,VENTAS MISCELANEAS,INTERMEDIO TTP,EFE,SI,NO,TRANSACCION TTP TMS,TMS-VENTAS MISCELANEAS-INTERMEDIO TTP--EFE-AR_IVA_,,SI,SANTANDER_8285,,DDMMRRRR,CART,D,10
,AMPERSA_BU,TMS,FACTURA,PROPIO,CAR,,,DIRECTO ECONOMICO,,EFE,SI,NO,TRANSACCIONES ER TMS,TMS-DIRECTO ECONOMICO ER---EFE-AR_IVA16,,SI,SANTANDER_3550,,DDMMRRRR,CART,D,10
,AMPERSA_BU,TMS,FACTURA,PROPIO,CAR,,,PULLMAN PRIMERA CLASE,,EFE,SI,NO,TRANSACCIONES ER TMS,TMS-PULLMAN PRIMERA CLASE---EFE-AR_IVA16,,SI,SANTANDER_3550,,DDMMRRRR,CART,D,10
,AMPERSA_BU,TMS,FACTURA,PROPIO,CAR,,,VENTAS MISCELANEAS,EXCESO EQUIPAJE,EFE,SI,NO,TRANSACCIONES ER TMS,TMS-VENTAS MISCELANEAS-EXCESO EQUIPAJE--EFE,,SI,SANTANDER_3550,,DDMMRRRR,CART,D,10
,AMPERSA_BU,TMS,FACTURA,PROPIO,CAR,,,VENTAS MISCELANEAS,JUCONI,EFE,SI,NO,TRANSACCIONES ER TMS,TMS-VENTAS MISCELANEAS-JUCONI--EFE,,SI,SANTANDER_3550,,DDMMRRRR,CART,D,10
,AMPERSA_BU,TMS,FACTURA,PROPIO,CAR,,,VENTAS MISCELANEAS,AUDIFONOS PRIMERA CLASE,EFE,SI,NO,TRANSACCIONES ER TMS,TMS-VENTAS MISCELANEAS-AUDIFONOS AEROPUERTO--EFE-,,SI,SANTANDER_3550,,DDMMRRRR,CART,D,10
,AMPERSA_BU,TMS,FACTURA,PROPIO,CAR,,,VENTAS MISCELANEAS,KIT CRUZ ROJA,EFE,SI,NO,TRANSACCIONES ER TMS,TMS-VENTAS MISCELANEAS-KITCRUZROJA,,SI,SANTANDER_3550,,DDMMRRRR,CART,D,10
,AMPERSA_BU,TMS,FACTURA,PROPIO,CAR,,,VENTAS MISCELANEAS,MOVISTAR,EFE,SI,NO,TRANSACCIONES ER TMS,TMS-VENTAS MISCELANEAS-MOVISTAR--EFE-AR_IVA16,,SI,SANTANDER_3550,,DDMMRRRR,CART,D,10
,AMPERSA_BU,TMS,FACTURA,PROPIO,CAR,,,VENTAS MISCELANEAS,DIFERENCIA POR HO,EFE,SI,NO,TRANSACCIONES ER TMS,TMS-VENTAS MISC-CARGO CAMBIO HORAR-EFE-IVA16,,SI,SANTANDER_3550,,DDMMRRRR,CART,D,10
,AMPERSA_BU,TMS,FACTURA,PROPIO,CAR,,,VENTAS MISCELANEAS,TELCEL,EFE,SI,NO,TRANSACCIONES ER TMS,TMS-VENTAS MISCELANEAS-TELCEL--EFE-AR_IVA16,,SI,SANTANDER_3550,,DDMMRRRR,CART,D,10
,AMPERSA_BU,TMS,FACTURA,PROPIO,CAR,,,VENTAS MISCELANEAS,UNEFON,EFE,SI,NO,TRANSACCIONES ER TMS,TMS-VENTAS MISCELANEAS-TELCEL--EFE-AR_IVA16,,SI,SANTANDER_3550,,DDMMRRRR,CART,D,10
,AMPERSA_BU,TMS,FACTURA,PROPIO,CAR,,,VENTAS MISCELANEAS,IUSACELL,EFE,SI,NO,TRANSACCIONES ER TMS,TMS-VENTAS MISCELANEAS-IUSACELL--EFE-AR_IVA16,,SI,SANTANDER_3550,,DDMMRRRR,CART,D,10
,AMPERSA_BU,TMS,FACTURA,PROPIO,CAR,,,VENTAS MISCELANEAS,CARGO POR CAMBIO DE HORARIO,EFE,SI,NO,TRANSACCIONES ER TMS,TMS-VENTAS MISC-CARGO CAMBIO HORAR-EFE-IVA16,,SI,SANTANDER_3550,,DDMMRRRR,CART,D,10
,AMPERSA_BU,TMS,FACTURA,PROPIO,CAR,,,VENTAS MISCELANEAS,DIFERENCIA POR CA,EFE,SI,NO,TRANSACCIONES ER TMS,TMS VENTAS MISC CARGO X CAMBIO HORA-BBV-AR_IVA16,,SI,SANTANDER_3550,,DDMMRRRR,CART,D,10
,AMPERSA_BU,TMS,FACTURA,PROPIO,CAR,,,VENTAS MISCELANEAS,DIRECTO ECONOMICO ER,EFE,SI,NO,TRANSACCIONES ER TMS,TMS-VENTAS MISCELANEAS-DIRECTO ECONOMICO ER--EFE-A,,SI,SANTANDER_3550,,DDMMRRRR,CART,D,10
,AMPERSA_BU,TMS,FACTURA,PROPIO,CAR,,,VENTAS MISCELANEAS,VIRGIN,EFE,SI,NO,TRANSACCIONES ER TMS,TMS-VENTAS MISCELANEAS-TELCEL--EFE-AR_IVA16,,SI,SANTANDER_3550,,DDMMRRRR,CART,D,10
,AMPERSA_BU,TMS,FACTURA,PROPIO,CAR,,,VENTAS MISCELANEAS,SANITARIOS,EFE,SI,NO,TRANSACCIONES ER TMS,TMS-VENTAS MISCELANEAS-SANITARIOS--EFE,,SI,SANTANDER_3550,,DDMMRRRR,CART,D,10
,AMPERSA_BU,TMS,FACTURA,PROPIO,CAR,,,VENTAS MISCELANEAS,PULLMAN PRIMERA CLASE ER,EFE,SI,NO,TRANSACCIONES ER TMS,TMS-VENTAS MISCELANEAS-PULLMAN PRIMERA CLASE ER--E,,SI,SANTANDER_3550,,DDMMRRRR,CART,D,10
,AMPERSA_BU,TMS,FACTURA,PROPIO,CAR,,,VENTAS MISCELANEAS,CARGO POR CAMBIO DE HORARIO,BBV,SI,NO,TRANSACCIONES ER TMS,TMS VENTAS MISC CARGO X CAMBIO HORA-BBV-AR_IVA16,,SI,SANTANDER_3550,,,AFIL.-009181868,D,2000
,AMPERSA_BU,TMS,FACTURA,TERCEROS,CAR,,,VENTAS MISCELANEAS,JUCONI,BBV,SI,NO,TRANSACCIONES ER TMS,TMS-VENTAS MISC-JUCONI-BBV-AP_IVA_NO_GRAVADO,,SI,SANTANDER_3550,,,AFIL.-009181868,D,2000
,AMPERSA_BU,TMS,FACTURA,PROPIO,CAR,,,VENTAS MISCELANEAS,DIFERENCIA POR HO,BBV,SI,NO,TRANSACCIONES ER TMS,TMS VENTAS MISC CARGO X CAMBIO HORA-BBV-AR_IVA16,,SI,SANTANDER_3550,,,AFIL.-009181868,D,2000
,AMPERSA_BU,TMS,FACTURA,PROPIO,CAR,,,PULLMAN PRIMERA CLASE,,BBV,SI,NO,TRANSACCIONES ER TMS,TMS-PULLMAN PRIMERA CLASE---BBV-AR_IVA16,,SI,SANTANDER_3550,,,AFIL.-009181868,D,2000
,AMPERSA_BU,TMS,FACTURA,PROPIO,CAR,,,DIRECTO ECONOMICO,,BBV,SI,NO,TRANSACCIONES ER TMS,TMS-DIRECTO ECONOMICO---BBV-AR_IVA16,,SI,SANTANDER_3550,,,AFIL.-009181868,D,2000
,AMPERSA_BU,TMS,FACTURA,TERCEROS,CAR,,,INTERMEDIO TTP,,BBV,SI,NO,TRANSACCIONES ER TMS,TMS-INTERMEDIO TTP---BBV-AP_IVA_NO_GRAVADO,,SI,SANTANDER_3550,,,AFIL.-009181868,D,2000
,AMPERSA_BU,TMS,FACTURA,PROPIO,CHOL,,,AEROPUERTO ER,,EFE,SI,NO,TRANSACCIONES ER TMS,TMS-AEROPUERTO---EFE-AR_IVA16,,SI,SANTANDER_3550,,DDMMRRRR,CHOLT,D,10
,AMPERSA_BU,TMS,FACTURA,PROPIO,CHOL,,,PULLMAN PRIMERA CLASE ER,,EFE,SI,NO,TRANSACCIONES ER TMS,TMS-PULLMAN PRIMERA CLASE---EFE-AR_IVA16,,SI,SANTANDER_3550,,DDMMRRRR,CHOLT,D,10
,AMPERSA_BU,TMS,FACTURA,TERCEROS,CHOL,,,INTERMEDIO,,BBV,SI,NO,TRANSACCIONES ER TMS,TMS-INTERMEDIO TTP---BBV-AP_IVA_NO_GRAVADO,,SI,SANTANDER_3550,,,AFIL.-007273370,D,2000
,AMPERSA_BU,TMS,FACTURA,PROPIO,CHOL,,,DIRECTO ECONOMICO ER,,BBV,SI,NO,TRANSACCIONES ER TMS,TMS-DIRECTO ECONOMICO---BBV-AR_IVA16,,SI,SANTANDER_3550,,,AFIL.-007273370,D,2000
,AMPERSA_BU,TMS,FACTURA,PROPIO,CHOL,,,VENTAS MISCELANEAS,UNEFON,EFE,SI,NO,TRANSACCIONES ER TMS,TMS-VENTAS MISCELANEAS-TELCEL--EFE-AR_IVA16,,SI,SANTANDER_3550,,DDMMRRRR,CHOLT,D,10
,AMPERSA_BU,TMS,FACTURA,PROPIO,CHOL,,,VENTAS MISCELANEAS,JUCONI,EFE,SI,NO,TRANSACCIONES ER TMS,TMS-VENTAS MISCELANEAS-JUCONI--EFE,,SI,SANTANDER_3550,,DDMMRRRR,CHOLT,D,10
,AMPERSA_BU,TMS,FACTURA,PROPIO,CHOL,,,VENTAS MISCELANEAS,KIT CRUZ ROJA,EFE,SI,NO,TRANSACCIONES ER TMS,TMS-VENTAS MISCELANEAS-KITCRUZROJA,,SI,SANTANDER_3550,,DDMMRRRR,CHOLT,D,10
,AMPERSA_BU,TMS,FACTURA,PROPIO,CHOL,,,VENTAS MISCELANEAS,TELCEL,EFE,SI,NO,TRANSACCIONES ER TMS,TMS-VENTAS MISCELANEAS-TELCEL--EFE-AR_IVA16,,SI,SANTANDER_3550,,DDMMRRRR,CHOLT,D,10
,AMPERSA_BU,TMS,FACTURA,PROPIO,CHOL,,,VENTAS MISCELANEAS,MOVISTAR,EFE,SI,NO,TRANSACCIONES ER TMS,TMS-VENTAS MISCELANEAS-MOVISTAR--EFE-AR_IVA16,,SI,SANTANDER_3550,,DDMMRRRR,CHOLT,D,10
,AMPERSA_BU,TMS,FACTURA,PROPIO,CHOL,,,VENTAS MISCELANEAS,DIRECTO ECONOMICO ER,EFE,SI,NO,TRANSACCIONES ER TMS,TMS-VENTAS MISCELANEAS-DIRECTO ECONOMICO ER--EFE-A,,SI,SANTANDER_3550,,DDMMRRRR,CHOLT,D,10
,AMPERSA_BU,TMS,FACTURA,PROPIO,CHOL,,,VENTAS MISCELANEAS,VIRGIN,EFE,SI,NO,TRANSACCIONES ER TMS,TMS-VENTAS MISCELANEAS-TELCEL--EFE-AR_IVA16,,SI,SANTANDER_3550,,DDMMRRRR,CHOLT,D,10
,AMPERSA_BU,TMS,FACTURA,PROPIO,CHOL,,,VENTAS MISCELANEAS,IUSACELL,EFE,SI,NO,TRANSACCIONES ER TMS,TMS-VENTAS MISCELANEAS-IUSACELL--EFE-AR_IVA16,,SI,SANTANDER_3550,,DDMMRRRR,CHOLT,D,10
,AMPERSA_BU,TMS,FACTURA,PROPIO,CHOL,,,AEROPUERTO ER,,BBV,SI,NO,TRANSACCIONES ER TMS,TMS-AEROPUERTO---BBV-AR_IVA16,,SI,SANTANDER_3550,,,AFIL.-007273370,D,2000
,AMPERSA_BU,TMS,FACTURA,PROPIO,CHOL,,,PULLMAN PRIMERA CLASE ER,,BBV,SI,NO,TRANSACCIONES ER TMS,TMS-PULLMAN PRIMERA CLASE---BBV-AR_IVA16,,SI,SANTANDER_3550,,,AFIL.-007273370,D,2000
,AMPERSA_BU,TMS,FACTURA,PROPIO,CNORTE,,,PULLMAN PRIMERA CLASE,,BBV,SI,NO,TRANSACCIONES ER TMS,TMS-PULLMAN PRIMERA CLASE---BBV-AR_IVA16,,SI,SANTANDER_3550,,,AFIL.-008180414,D,10
,AMPERSA_BU,TMS,FACTURA,PROPIO,CNORTE,,,DIRECTO ECONOMICO,,BBV,SI,NO,TRANSACCIONES ER TMS,TMS-DIRECTO ECONOMICO---BBV-AR_IVA16,,SI,SANTANDER_3550,,,AFIL.-008180414,D,10
,AMPERSA_BU,TMS,FACTURA,TERCEROS,CNORTE,,,VENTAS MISCELANEAS,JUCONI,BBV,SI,NO,TRANSACCIONES ER TMS,TMS-VENTAS MISC-JUCONI-BBV-AP_IVA_NO_GRAVADO,,SI,SANTANDER_3550,,,AFIL.-008180414,D,10
,AMPERSA_BU,TMS,FACTURA,PROPIO,CNORTE,,,VENTAS MISCELANEAS,CARGO POR CAMBIO DE HORARIO,BBV,SI,NO,TRANSACCIONES ER TMS,TMS VENTAS MISC CARGO X CAMBIO HORA-BBV-AR_IVA16,,SI,SANTANDER_3550,,,AFIL.-008180414,D,10
,AMPERSA_BU,TMS,FACTURA,PROPIO,CNORTE,,,VENTAS MISCELANEAS,DIFERENCIA POR HO,BBV,SI,NO,TRANSACCIONES ER TMS,TMS VENTAS MISC CARGO X CAMBIO HORA-BBV-AR_IVA16,,SI,SANTANDER_3550,,,AFIL.-008180414,D,10
,AMPERSA_BU,TMS,FACTURA,PROPIO,CNORTE,,,VENTAS MISCELANEAS,UNEFON,EFE,SI,NO,TRANSACCIONES ER TMS,TMS-VENTAS MISCELANEAS-TELCEL--EFE-AR_IVA16,,SI,SANTANDER_3550,,DDMMRRRR,CNORTET,D,10
,AMPERSA_BU,TMS,FACTURA,PROPIO,CNORTE,,,VENTAS MISCELANEAS,MOVISTAR,EFE,SI,NO,TRANSACCIONES ER TMS,TMS-VENTAS MISCELANEAS-MOVISTAR--EFE-AR_IVA16,,SI,SANTANDER_3550,,DDMMRRRR,CNORTET,D,10
,AMPERSA_BU,TMS,FACTURA,PROPIO,CNORTE,,,VENTAS MISCELANEAS,TELCEL,EFE,SI,NO,TRANSACCIONES ER TMS,TMS-VENTAS MISCELANEAS-TELCEL--EFE-AR_IVA16,,SI,SANTANDER_3550,,DDMMRRRR,CNORTET,D,10
,AMPERSA_BU,TMS,FACTURA,PROPIO,CNORTE,,,VENTAS MISCELANEAS,IUSACELL,EFE,SI,NO,TRANSACCIONES ER TMS,TMS-VENTAS MISCELANEAS-IUSACELL--EFE-AR_IVA16,,SI,SANTANDER_3550,,DDMMRRRR,CNORTET,D,10
,AMPERSA_BU,TMS,FACTURA,PROPIO,CNORTE,,,VENTAS MISCELANEAS,AUDIFONOS PRIMERA CLASE,EFE,SI,NO,TRANSACCIONES ER TMS,TMS-VENTAS MISCELANEAS-AUDIFONOS AEROPUERTO--EFE-,,SI,SANTANDER_3550,,DDMMRRRR,CNORTET,D,10
,AMPERSA_BU,TMS,FACTURA,PROPIO,CNORTE,,,VENTAS MISCELANEAS,CARGO POR CAMBIO DE HORARIO,EFE,SI,NO,TRANSACCIONES ER TMS,TMS-VENTAS MISC-CARGO CAMBIO HORAR-EFE-IVA16,,SI,SANTANDER_3550,,DDMMRRRR,CNORTET,D,10
,AMPERSA_BU,TMS,FACTURA,PROPIO,CNORTE,,,VENTAS MISCELANEAS,DIFERENCIA POR HO,EFE,SI,NO,TRANSACCIONES ER TMS,TMS-VENTAS MISC-CARGO CAMBIO HORAR-EFE-IVA16,,SI,SANTANDER_3550,,DDMMRRRR,CNORTET,D,10
,AMPERSA_BU,TMS,FACTURA,PROPIO,CNORTE,,,VENTAS MISCELANEAS,JUCONI,EFE,SI,NO,TRANSACCIONES ER TMS,TMS-VENTAS MISCELANEAS-JUCONI--EFE,,SI,SANTANDER_3550,,DDMMRRRR,CNORTET,D,10
,AMPERSA_BU,TMS,FACTURA,PROPIO,CNORTE,,,VENTAS MISCELANEAS,KIT CRUZ ROJA,EFE,SI,NO,TRANSACCIONES ER TMS,TMS-VENTAS MISCELANEAS-KITCRUZROJA,,SI,SANTANDER_3550,,DDMMRRRR,CNORTET,D,10
,AMPERSA_BU,TMS,FACTURA,PROPIO,CNORTE,,,VENTAS MISCELANEAS,PULLMAN PRIMERA CLASE ER,EFE,SI,NO,TRANSACCIONES ER TMS,TMS-VENTAS MISCELANEAS-PULLMAN PRIMERA CLASE ER--E,,SI,SANTANDER_3550,,DDMMRRRR,CNORTET,D,10
,AMPERSA_BU,TMS,FACTURA,PROPIO,CNORTE,,,VENTAS MISCELANEAS,DIFERENCIA POR CA,EFE,SI,NO,TRANSACCIONES ER TMS,TMS VENTAS MISC CARGO X CAMBIO HORA-BBV-AR_IVA16,,SI,SANTANDER_3550,,DDMMRRRR,CNORTET,D,10
,AMPERSA_BU,TMS,FACTURA,PROPIO,CNORTE,,,VENTAS MISCELANEAS,VIRGIN,EFE,SI,NO,TRANSACCIONES ER TMS,TMS-VENTAS MISCELANEAS-TELCEL--EFE-AR_IVA16,,SI,SANTANDER_3550,,DDMMRRRR,CNORTET,D,10
,AMPERSA_BU,TMS,FACTURA,PROPIO,CNORTE,,,DIRECTO ECONOMICO,,EFE,SI,NO,TRANSACCIONES ER TMS,TMS-DIRECTO ECONOMICO ER---EFE-AR_IVA16,,SI,SANTANDER_3550,,DDMMRRRR,CNORTET,D,10
,AMPERSA_BU,TMS,FACTURA,PROPIO,CNORTE,,,PULLMAN PRIMERA CLASE,,EFE,SI,NO,TRANSACCIONES ER TMS,TMS-PULLMAN PRIMERA CLASE---EFE-AR_IVA16,,SI,SANTANDER_3550,,DDMMRRRR,CNORTET,D,10
,TTP_BU,TMS,FACTURA,PROPIO,PASDEST,,,INTERMEDIO TTP,,EFE,SI,NO,TRANSACCION TTP TMS,TMS-INTERMEDIO TTP---EFE-AR_IVA16,,SI,HSBC 0764,,DDMMRRRR,PDESTT,D,10
,CONTERSA_BU,TMS,FACTURA,PROPIO,PASDEST,,,SERVICIO DE TURISMO CT,,EFE,SI,NO,TRANSACCIONES CT TMS,TMS-SERVICIO DE TURISMO CT---EFE-,,SI,HSBC_0291,,DDMMRRRR,PDESTT,D,10
,AMPERSA_BU,TMS,FACTURA,PROPIO,PASDEST,,,DIRECTO ECONOMICO,,EFE,SI,NO,TRANSACCIONES ER TMS,TMS-DIRECTO ECONOMICO ER---EFE-AR_IVA16,,SI,HSBC_0855,,DDMMRRRR,PDESTT,D,10
,AMPERSA_BU,TMS,FACTURA,PROPIO,PASDEST,,,AEROPUERTO,,EFE,SI,NO,TRANSACCIONES ER TMS,TMS-AEROPUERTO---EFE-AR_IVA16,,SI,HSBC_0855,,DDMMRRRR,PDESTT,D,10
,AMPERSA_BU,TMS,FACTURA,PROPIO,PASDEST,,,PULLMAN PRIMERA CLASE,,EFE,SI,NO,TRANSACCIONES ER TMS,TMS-PULLMAN PRIMERA CLASE---EFE-AR_IVA16,,SI,HSBC_0855,,DDMMRRRR,PDESTT,D,10
,AMPERSA_BU,TMS,FACTURA,PROPIO,PASDEST,,,VENTAS MISCELANEAS,TELCEL,EFE,SI,NO,TRANSACCIONES ER TMS,TMS-VENTAS MISCELANEAS-TELCEL--EFE-AR_IVA16,,SI,HSBC_0855,,DDMMRRRR,PDESTT,D,10
,AMPERSA_BU,TMS,FACTURA,PROPIO,PASDEST,,,VENTAS MISCELANEAS,JUCONI,EFE,SI,NO,TRANSACCIONES ER TMS,TMS-VENTAS MISCELANEAS-JUCONI--EFE,,SI,HSBC_0855,,DDMMRRRR,PDESTT,D,10
,AMPERSA_BU,TMS,FACTURA,PROPIO,PASDEST,,,VENTAS MISCELANEAS,KIT CRUZ ROJA,EFE,SI,NO,TRANSACCIONES ER TMS,TMS-VENTAS MISCELANEAS-KITCRUZROJA,,SI,HSBC_0855,,DDMMRRRR,PDESTT,D,10
,AMPERSA_BU,TMS,FACTURA,PROPIO,PASDEST,,,VENTAS MISCELANEAS,CARGO POR CAMBIO DE HORARIO,EFE,SI,NO,TRANSACCIONES ER TMS,TMS-VENTAS MISC-CARGO CAMBIO HORAR-EFE-IVA16,,SI,HSBC_0855,,DDMMRRRR,PDESTT,D,10
,AMPERSA_BU,TMS,FACTURA,PROPIO,PASDEST,,,VENTAS MISCELANEAS,DIFERENCIA POR HO,EFE,SI,NO,TRANSACCIONES ER TMS,TMS-VENTAS MISC-CARGO CAMBIO HORAR-EFE-IVA16,,SI,HSBC_0855,,DDMMRRRR,PDESTT,D,10
,AMPERSA_BU,TMS,FACTURA,PROPIO,PASDEST,,,VENTAS MISCELANEAS,UNEFON,EFE,SI,NO,TRANSACCIONES ER TMS,TMS-VENTAS MISCELANEAS-TELCEL--EFE-AR_IVA16,,SI,HSBC_0855,,DDMMRRRR,PDESTT,D,10
,AMPERSA_BU,TMS,FACTURA,PROPIO,PASDEST,,,VENTAS MISCELANEAS,EXCESO EQUIPAJE,EFE,SI,NO,TRANSACCIONES ER TMS,TMS-VENTAS MISCELANEAS-EXCESO EQUIPAJE--EFE,,SI,HSBC_0855,,DDMMRRRR,PDESTT,D,10
,AMPERSA_BU,TMS,FACTURA,PROPIO,PASDEST,,,VENTAS MISCELANEAS,MOVISTAR,EFE,SI,NO,TRANSACCIONES ER TMS,TMS-VENTAS MISCELANEAS-MOVISTAR--EFE-AR_IVA16,,SI,HSBC_0855,,DDMMRRRR,PDESTT,D,10
,AMPERSA_BU,TMS,FACTURA,PROPIO,PASDEST,,,VENTAS MISCELANEAS,AUDIFONOS AEROPUERTO,EFE,SI,NO,TRANSACCIONES ER TMS,TMS-VENTAS MISCELANEAS-AUDIFONOS AEROPUERTO--EFE-,,SI,HSBC_0855,,DDMMRRRR,PDESTT,D,10
,AMPERSA_BU,TMS,FACTURA,PROPIO,PASDEST,,,VENTAS MISCELANEAS,AEROPUERTO ER,EFE,SI,NO,TRANSACCIONES ER TMS,TMS-VENTAS MISCELANEAS-AEROPUERTO ER--EFE-AR_IVA16,,SI,HSBC_0855,,DDMMRRRR,PDESTT,D,10
,AMPERSA_BU,TMS,FACTURA,PROPIO,PASDEST,,,VENTAS MISCELANEAS,IUSACELL,EFE,SI,NO,TRANSACCIONES ER TMS,TMS-VENTAS MISCELANEAS-IUSACELL--EFE-AR_IVA16,,SI,HSBC_0855,,DDMMRRRR,PDESTT,D,10
,AMPERSA_BU,TMS,FACTURA,PROPIO,PASDEST,,,VENTAS MISCELANEAS,PULLMAN PLUS ER,EFE,SI,NO,TRANSACCIONES ER TMS,TMS-VENTAS MISCELANEAS-PULLMAN PRIMERA CLASE ER--E,,SI,HSBC_0855,,DDMMRRRR,PDESTT,D,10
,AMPERSA_BU,TMS,FACTURA,PROPIO,PASDEST,,,VENTAS MISCELANEAS,DIFERENCIA POR CA,EFE,SI,NO,TRANSACCIONES ER TMS,TMS VENTAS MISC CARGO X CAMBIO HORA-BBV-AR_IVA16,,SI,HSBC_0855,,DDMMRRRR,PDESTT,D,10
,AMPERSA_BU,TMS,FACTURA,PROPIO,PASDEST,,,VENTAS MISCELANEAS,PULLMAN PRIMERA CLASE ER,EFE,SI,NO,TRANSACCIONES ER TMS,TMS-VENTAS MISCELANEAS-PULLMAN PRIMERA CLASE ER--E,,SI,HSBC_0855,,DDMMRRRR,PDESTT,D,10
,AMPERSA_BU,TMS,FACTURA,PROPIO,PSNDIEGO,,,AEROPUERTO,,BBV,SI,NO,TRANSACCIONES ER TMS,TMS-AEROPUERTO---BBV-AR_IVA16,,SI,SANTANDER_3550,,,AFIL.-007273370,D,2000
,AMPERSA_BU,TMS,FACTURA,PROPIO,PSNDIEGO,,,PULLMAN PRIMERA CLASE,,BBV,SI,NO,TRANSACCIONES ER TMS,TMS-PULLMAN PRIMERA CLASE---BBV-AR_IVA16,,SI,SANTANDER_3550,,,AFIL.-007273370,D,2000
,AMPERSA_BU,TMS,FACTURA,TERCEROS,PSNDIEGO,,,INTERMEDIO TTP,,BBV,SI,NO,TRANSACCIONES ER TMS,TMS-INTERMEDIO TTP---BBV-AP_IVA_NO_GRAVADO,,SI,SANTANDER_3550,,,AFIL.-007273370,D,2000
,AMPERSA_BU,TMS,FACTURA,PROPIO,PSNDIEGO,,,DIRECTO ECONOMICO,,BBV,SI,NO,TRANSACCIONES ER TMS,TMS-DIRECTO ECONOMICO---BBV-AR_IVA16,,SI,SANTANDER_3550,,,AFIL.-007273370,D,2000
,AMPERSA_BU,TMS,FACTURA,PROPIO,PSNDIEGO,,,VENTAS MISCELANEAS,DIFERENCIA POR HO,BBV,SI,NO,TRANSACCIONES ER TMS,TMS VENTAS MISC CARGO X CAMBIO HORA-BBV-AR_IVA16,,SI,SANTANDER_3550,,,AFIL.-007273370,D,2000
,AMPERSA_BU,TMS,FACTURA,TERCEROS,PSNDIEGO,,,EBUS TTP1,,BBV,SI,NO,TRANSACCIONES ER TMS,TMS-EBUS TTP1---BBV-AP_IVA_NO_GRAVADO,,SI,SANTANDER_3550,,,AFIL.-007273370,D,2000
,AMPERSA_BU,TMS,FACTURA,TERCEROS,PSNDIEGO,,,SERVICIO DE TURISMO CT,,BBV,SI,NO,TRANSACCIONES ER TMS,TMS-SERVICIO DE TURISMO CT---BBV-AP_IVA_NO_GRAVADO,,SI,SANTANDER_3550,,,AFIL.-007273370,D,2000
,AMPERSA_BU,TMS,FACTURA,PROPIO,PSNDIEGO,,,VENTAS MISCELANEAS,DIFERENCIA POR HO,BBV,SI,NO,TRANSACCIONES ER TMS,TMS VENTAS MISC CARGO X CAMBIO HORA-BBV-AR_IVA16,,SI,SANTANDER_3550,,,AFIL.-007273370,D,2000
,AMPERSA_BU,TMS,FACTURA,TERCEROS,PSNDIEGO,,,VENTAS MISCELANEAS,JUCONI,BBV,SI,NO,TRANSACCIONES ER TMS,TMS-VENTAS MISC-JUCONI-BBV-AP_IVA_NO_GRAVADO,,SI,SANTANDER_3550,,,AFIL.-007273370,D,2000
,AMPERSA_BU,TMS,FACTURA,PROPIO,PSNDIEGO,,,VENTAS MISCELANEAS,CARGO POR CAMBIO DE HORARIO,BBV,SI,NO,TRANSACCIONES ER TMS,TMS VENTAS MISC CARGO X CAMBIO HORA-BBV-AR_IVA16,,SI,SANTANDER_3550,,,AFIL.-007273370,D,2000
,AMPERSA_BU,TMS,FACTURA,TERCEROS,MIYANA,,,EBUS TTP1,,BBV,SI,NO,TRANSACCIONES ER TMS,TMS-EBUS TTP1---BBV-AP_IVA_NO_GRAVADO,,SI,SANTANDER_3550,,,AFIL.-007273370,D,2000
,AMPERSA_BU,TMS,FACTURA,TERCEROS,MIYANA,,,VENTAS MISCELANEAS,JUCONI,BBV,SI,NO,TRANSACCIONES ER TMS,TMS-VENTAS MISC-JUCONI-BBV-AP_IVA_NO_GRAVADO,,SI,SANTANDER_3550,,,AFIL.-007273370,D,2000
,TTP_BU,TMS,FACTURA,PROPIO,MIYANA,,,EBUS TTP1,,EFE,SI,NO,TRANSACCION TTP TMS,TMS-EBUS TTP1---EFE-AR_IVA16,,SI,SANTANDER_8285,,DDMMRRRR,MIYANA,S,10
,AMPERSA_BU,TMS,FACTURA,PROPIO,MIYANA,,,VENTAS MISCELANEAS,JUCONI,EFE,SI,NO,TRANSACCIONES ER TMS,TMS-VENTAS MISCELANEAS-JUCONI--EFE,,SI,SANTANDER_3550,,DDMMRRRR,MIYANA,S,10
,AMPERSA_BU,TMS,FACTURA,TERCEROS,MIYANA,,,EBUS TTP1,,AMX,SI,NO,TRANSACCIONES ER TMS,TMS-EBUS TTP1---AMX-AP_IVA_NO_GRAVADO,TTP_BU,SI,SANTANDER_3550,,,AMEXCO SE 9356623992,S,300
,AMPERSA_BU,TMS,FACTURA,TERCEROS,MIYANA,,,VENTAS MISCELANEAS,CARGO POR CAMBIO DE HORARIO,BBV,SI,NO,TRANSACCIONES ER TMS,TMS-VENTAS MISCELANEAS-CAMBIO DE HO-TERCEROS,,SI,SANTANDER_3550,,,AFIL.-007273370,D,2000
,TTP_BU,TMS,FACTURA,PROPIO,MIYANA,,,VENTAS MISCELANEAS,CARGO POR CAMBIO DE HORARIO,EFE,SI,NO,TRANSACCION TTP TMS,TMS-VENTAS MIS-CARGO POR CAMBIO DE HORARIO-IVA-16,,SI,SANTANDER_8285,,DDMMRRRR,MIYANA,S,10
,TTP_BU,TMS,FACTURA,PROPIO,MIYANA,,,VENTAS MISCELANEAS,DIFERENCIA POR HO,EFE,SI,NO,TRANSACCION TTP TMS,TMS-VENTAS MIS-CARGO POR CAMBIO DE HORARIO-IVA-16,,SI,SANTANDER_8285,,DDMMRRRR,MIYANA,S,10
,AMPERSA_BU,TMS,FACTURA,TERCEROS,MIYANA,,,VENTAS MISCELANEAS,DIFERENCIA POR HO,BBV,SI,NO,TRANSACCIONES ER TMS,TMS-VENTAS MISCELANEAS-CAMBIO DE HO-TERCEROS,,SI,SANTANDER_3550,,,AFIL.-007273370,D,2000
,TTP_BU,TMS,FACTURA,PROPIO,MIYANA,,,VENTAS MISCELANEAS,DIRECTO TTP TTP,EFE,SI,NO,TRANSACCION TTP TMS,TMS-VENTAS MISCELANEAS-DIRECTO TTP TTP--EFE-AR_IVA,,SI,SANTANDER_8285,,DDMMRRRR,MIYANA,S,10
,AMPERSA_BU,TMS,FACTURA,PROPIO,MIYANA,,,AEROPUERTO,,EFE,SI,NO,TRANSACCIONES ER TMS,TMS-AEROPUERTO---EFE-AR_IVA16,,SI,SANTANDER_3550,,DDMMRRRR,MIYANA,S,10
,AMPERSA_BU,TMS,FACTURA,TERCEROS,PCHALCO,,,INTERMEDIO TTP,,BBV,SI,NO,TRANSACCIONES ER TMS,TMS-INTERMEDIO TTP---BBV-AP_IVA_NO_GRAVADO,,SI,SANTANDER_3550,,,AFIL.-008376766,D,10
,AMPERSA_BU,TMS,FACTURA,PROPIO,PCHALCO,,,VENTAS MISCELANEAS,MOVISTAR,EFE,SI,NO,TRANSACCIONES ER TMS,TMS-VENTAS MISCELANEAS-MOVISTAR--EFE-AR_IVA16,,SI,HSBC_0855,,DDMMRRRR,CHALCOT,D,10
,AMPERSA_BU,TMS,FACTURA,PROPIO,PCHALCO,,,VENTAS MISCELANEAS,KIT CRUZ ROJA,EFE,SI,NO,TRANSACCIONES ER TMS,TMS-VENTAS MISCELANEAS-KITCRUZROJA,,SI,HSBC_0855,,DDMMRRRR,CHALCOT,D,10
,AMPERSA_BU,TMS,FACTURA,PROPIO,PCHALCO,,,VENTAS MISCELANEAS,TELCEL,EFE,SI,NO,TRANSACCIONES ER TMS,TMS-VENTAS MISCELANEAS-TELCEL--EFE-AR_IVA16,,SI,HSBC_0855,,DDMMRRRR,CHALCOT,D,10
,AMPERSA_BU,TMS,FACTURA,PROPIO,PCHALCO,,,VENTAS MISCELANEAS,UNEFON,EFE,SI,NO,TRANSACCIONES ER TMS,TMS-VENTAS MISCELANEAS-TELCEL--EFE-AR_IVA16,,SI,HSBC_0855,,DDMMRRRR,CHALCOT,D,10
,AMPERSA_BU,TMS,FACTURA,PROPIO,PCHALCO,,,VENTAS MISCELANEAS,IUSACELL,EFE,SI,NO,TRANSACCIONES ER TMS,TMS-VENTAS MISCELANEAS-IUSACELL--EFE-AR_IVA16,,SI,HSBC_0855,,DDMMRRRR,CHALCOT,D,10
,TTP_BU,TMS,FACTURA,PROPIO,PCHALCO,,,INTERMEDIO TTP,,EFE,SI,NO,TRANSACCION TTP TMS,TMS-INTERMEDIO TTP---EFE-AR_IVA16,,SI,HSBC 0764,,DDMMRRRR,CHALCOT,D,10
,TTP_BU,TMS,FACTURA,PROPIO,PCHALCO,,,VENTAS MISCELANEAS,DIFERENCIA POR HO,EFE,SI,NO,TRANSACCION TTP TMS,TMS-VENTAS MIS-CARGO POR CAMBIO DE HORARIO-IVA-16,,SI,HSBC 0764,,DDMMRRRR,CHALCOT,D,10
,TTP_BU,TMS,FACTURA,PROPIO,PCHALCO,,,INTERMEDIO PISTA TTP,,EFE,SI,NO,TRANSACCION TTP TMS,TMS-INTERMEDIO PISTA TTP---EFE-AR_IVA_16,,SI,HSBC 0764,,DDMMRRRR,CHALCOT,D,10
,TTP_BU,TMS,FACTURA,PROPIO,PCHALCO,,,VENTAS MISCELANEAS,INTERMEDIO TTP,EFE,SI,NO,TRANSACCION TTP TMS,TMS-VENTAS MISCELANEAS-INTERMEDIO TTP--EFE-AR_IVA_,,SI,HSBC 0764,,DDMMRRRR,CHALCOT,D,10
,AMPERSA_BU,TMS,FACTURA,TERCEROS,SMA,,,DIRECTO TTP,,BBV,SI,NO,TRANSACCIONES ER TMS,TMS-DIRECTO TTP---BBV-AP_IVA_NO_GRAVADO,,SI,SANTANDER_3550,,,AFIL.-007273370,D,2000
,AMPERSA_BU,TMS,FACTURA,TERCEROS,SMA,,,INTERMEDIO PISTA,,BBV,SI,NO,TRANSACCIONES ER TMS,TMS-INTERMEDIO PISTA---BBV-AP_IVA_NO_GRAVADO,,SI,SANTANDER_3550,,,AFIL.-007273370,D,2000
,AMPERSA_BU,TMS,FACTURA,PROPIO,SMA,,,DIRECTO ECONOMICO ER,,BBV,SI,NO,TRANSACCIONES ER TMS,TMS-DIRECTO ECONOMICO---BBV-AR_IVA16,,SI,SANTANDER_3550,,,AFIL.-007273370,D,2000
,AMPERSA_BU,TMS,FACTURA,TERCEROS,SMA,,,INTERMEDIO,,BBV,SI,NO,TRANSACCIONES ER TMS,TMS-INTERMEDIO TTP---BBV-AP_IVA_NO_GRAVADO,,SI,SANTANDER_3550,,,AFIL.-007273370,D,2000
,AMPERSA_BU,TMS,FACTURA,PROPIO,SMA,,,AEROPUERTO ER,,BBV,SI,NO,TRANSACCIONES ER TMS,TMS-AEROPUERTO---BBV-AR_IVA16,,SI,SANTANDER_3550,,,AFIL.-007273370,D,2000
,AMPERSA_BU,TMS,FACTURA,PROPIO,SMA,,,DIRECTO ECONOMICO ER,,EFE,SI,NO,TRANSACCIONES ER TMS,TMS-DIRECTO ECONOMICO ER---EFE-AR_IVA16,,SI,SANTANDER_3550,,DDMMRRRR,SMAT,D,10
,AMPERSA_BU,TMS,FACTURA,PROPIO,SMA,,,VENTAS MISCELANEAS,JUCONI,EFE,SI,NO,TRANSACCIONES ER TMS,TMS-VENTAS MISCELANEAS-JUCONI--EFE,,SI,SANTANDER_3550,,DDMMRRRR,SMAT,D,10
,AMPERSA_BU,TMS,FACTURA,PROPIO,SMA,,,VENTAS MISCELANEAS,TELCEL,EFE,SI,NO,TRANSACCIONES ER TMS,TMS-VENTAS MISCELANEAS-TELCEL--EFE-AR_IVA16,,SI,SANTANDER_3550,,DDMMRRRR,SMAT,D,10
,AMPERSA_BU,TMS,FACTURA,PROPIO,SMA,,,VENTAS MISCELANEAS,MOVISTAR,EFE,SI,NO,TRANSACCIONES ER TMS,TMS-VENTAS MISCELANEAS-MOVISTAR--EFE-AR_IVA16,,SI,SANTANDER_3550,,DDMMRRRR,SMAT,D,10
,AMPERSA_BU,TMS,FACTURA,PROPIO,SMA,,,VENTAS MISCELANEAS,UNEFON,EFE,SI,NO,TRANSACCIONES ER TMS,TMS-VENTAS MISCELANEAS-TELCEL--EFE-AR_IVA16,,SI,SANTANDER_3550,,DDMMRRRR,SMAT,D,10
,AMPERSA_BU,TMS,FACTURA,PROPIO,SMA,,,VENTAS MISCELANEAS,KIT CRUZ ROJA,EFE,SI,NO,TRANSACCIONES ER TMS,TMS-VENTAS MISCELANEAS-KITCRUZROJA,,SI,SANTANDER_3550,,DDMMRRRR,SMAT,D,10
,AMPERSA_BU,TMS,FACTURA,PROPIO,SMA,,,VENTAS MISCELANEAS,DIRECTO ECONOMICO ER,EFE,SI,NO,TRANSACCIONES ER TMS,TMS-VENTAS MISCELANEAS-DIRECTO ECONOMICO ER--EFE-A,,SI,SANTANDER_3550,,DDMMRRRR,SMAT,D,10
,AMPERSA_BU,TMS,FACTURA,PROPIO,SMA,,,VENTAS MISCELANEAS,SANITARIOS,EFE,SI,NO,TRANSACCIONES ER TMS,TMS-VENTAS MISCELANEAS-SANITARIOS--EFE,,SI,SANTANDER_3550,,DDMMRRRR,SMAT,D,10
,AMPERSA_BU,TMS,FACTURA,PROPIO,SMA,,,VENTAS MISCELANEAS,IUSACELL,EFE,SI,NO,TRANSACCIONES ER TMS,TMS-VENTAS MISCELANEAS-IUSACELL--EFE-AR_IVA16,,SI,SANTANDER_3550,,DDMMRRRR,SMAT,D,10
,AMPERSA_BU,TMS,FACTURA,PROPIO,SMA,,,VENTAS MISCELANEAS,CARGO POR CAMBIO DE HORARIO,EFE,SI,NO,TRANSACCIONES ER TMS,TMS-VENTAS MISC-CARGO CAMBIO HORAR-EFE-IVA16,,SI,SANTANDER_3550,,DDMMRRRR,SMAT,D,10
,AMPERSA_BU,TMS,FACTURA,PROPIO,SMA,,,AEROPUERTO ER,,EFE,SI,NO,TRANSACCIONES ER TMS,TMS-AEROPUERTO---EFE-AR_IVA16,,SI,SANTANDER_3550,,DDMMRRRR,SMAT,D,10
,AMPERSA_BU,TMS,FACTURA,PROPIO,SMA,,,VENTAS MISCELANEAS,DIFERENCIA POR HO,EFE,SI,NO,TRANSACCIONES ER TMS,TMS-VENTAS MISC-CARGO CAMBIO HORAR-EFE-IVA16,,SI,SANTANDER_3550,,DDMMRRRR,SMAT,D,10
,TTP_BU,TMS,FACTURA,PROPIO,SMA,,,VENTAS MISCELANEAS,DIRECTO TTP TTP,EFE,SI,NO,TRANSACCION TTP TMS,TMS-VENTAS MISCELANEAS-DIRECTO TTP TTP--EFE-AR_IVA,,SI,SANTANDER_8285,,DDMMRRRR,SMAT,D,10
,TTP_BU,TMS,FACTURA,PROPIO,SMA,,,VENTAS MISCELANEAS,INTERMEDIO TTP,EFE,SI,NO,TRANSACCION TTP TMS,TMS-VENTAS MISCELANEAS-INTERMEDIO TTP--EFE-AR_IVA_,,SI,SANTANDER_8285,,DDMMRRRR,SMAT,D,10
,TTP_BU,TMS,FACTURA,PROPIO,SMA,,,VENTAS MISCELANEAS,INTERMEDIO PISTA TTP,EFE,SI,NO,TRANSACCION TTP TMS,TMS-VENTAS MISCELANEAS-INTERMEDIO PISTA TTP--EFE-A,,SI,SANTANDER_8285,,DDMMRRRR,SMAT,D,10
,CONTERSA_BU,TMS,FACTURA,PROPIO,SMA,,,SERVICIO DE TURISMO CT,,EFE,SI,NO,TRANSACCIONES CT TMS,TMS-SERVICIO DE TURISMO CT---EFE-,,SI,SANTANDER_0995,,DDMMRRRR,SMAT,D,10
,TTP_BU,TMS,FACTURA,PROPIO,CAPUR,,,INTERMEDIO,,EFE,SI,NO,TRANSACCION TTP TMS,TMS-INTERMEDIO---EFE-AR_IVA16-RECUADA,,SI,SANTANDER_8285,,DDMMRRRR,CAPUR,D,10
,TTP_BU,TMS,FACTURA,PROPIO,CAPUR,,,INTERMEDIO PISTA,,EFE,SI,NO,TRANSACCION TTP TMS,TMS-INTERMEDIO PISTA---EFE-RECAUDA-AR-IVA-16,,SI,SANTANDER_8285,,DDMMRRRR,CAPUR,D,10
,AMPERSA_BU,TMS,FACTURA,TERCEROS,STAFE,,,EBUS TTP1,,AMX,SI,NO,TRANSACCIONES ER TMS,TMS-EBUS TTP1---AMX-AP_IVA_NO_GRAVADO,TTP_BU,SI,SANTANDER_3550,,,AMEXCO SE 9356623992,S,300
,AMPERSA_BU,TMS,FACTURA,TERCEROS,STAFE,,,EBUS TTP1,,BBV,SI,NO,TRANSACCIONES ER TMS,TMS-EBUS TTP1---BBV-AP_IVA_NO_GRAVADO,,SI,SANTANDER_3550,,,AFIL.-007273370,D,2000
,AMPERSA_BU,TMS,FACTURA,TERCEROS,STAFE,,,VENTAS MISCELANEAS,DIFERENCIA POR HO,BBV,SI,NO,TRANSACCIONES ER TMS,TMS-VENTAS MISCELANEAS-CAMBIO DE HO-TERCEROS,,SI,SANTANDER_3550,,,AFIL.-007273370,D,2000
,AMPERSA_BU,TMS,FACTURA,TERCEROS,STAFE,,,VENTAS MISCELANEAS,CARGO POR CAMBIO DE HORARIO,BBV,SI,NO,TRANSACCIONES ER TMS,TMS-VENTAS MISCELANEAS-CAMBIO DE HO-TERCEROS,,SI,SANTANDER_3550,,,AFIL.-007273370,D,2000
,TTP_BU,TMS,FACTURA,PROPIO,STAFE,,,EBUS TTP1,,EFE,SI,NO,TRANSACCION TTP TMS,TMS-EBUS TTP1---EFE-AR_IVA16,,SI,SANTANDER_8285,,DDMMRRRR,STAF,S,10
,AMPERSA_BU,TMS,FACTURA,PROPIO,STAFE,,,VENTAS MISCELANEAS,JUCONI,EFE,SI,NO,TRANSACCIONES ER TMS,TMS-VENTAS MISCELANEAS-JUCONI--EFE,,SI,SANTANDER_3550,,DDMMRRRR,STAF,S,10
,TTP_BU,TMS,FACTURA,PROPIO,STAFE,,,VENTAS MISCELANEAS,AUDIFONOS EBUS,EFE,SI,NO,TRANSACCION TTP TMS,TMS-VENTAS MISCELANEAS-AUDIFONOS EBUS,,SI,SANTANDER_8285,,DDMMRRRR,STAF,S,10
,TTP_BU,TMS,FACTURA,PROPIO,STAFE,,,VENTAS MISCELANEAS,CARGO POR CAMBIO DE HORARIO,EFE,SI,NO,TRANSACCION TTP TMS,TMS-VENTAS MIS-CARGO POR CAMBIO DE HORARIO-IVA-16,,SI,SANTANDER_8285,,DDMMRRRR,STAF,S,10
,AMPERSA_BU,TMS,FACTURA,PROPIO,SUR,,,DIRECTO ECONOMICO,,AMX,SI,NO,TRANSACCIONES ER TMS,TMS-DIRECTO ECONOMICO---AMX-AR_IVA16,,SI,SANTANDER_3550,,,AMEXCO SE 9350021565,S,1500
,AMPERSA_BU,TMS,FACTURA,PROPIO,SUR,,,PULLMAN PRIMERA CLASE,,AMX,SI,NO,TRANSACCIONES ER TMS,TMS-PULLMAN PRIMERA CLASE---AMX-AR_IVA16,,SI,SANTANDER_3550,,,AMEXCO SE 9350021565,S,1500
,AMPERSA_BU,TMS,FACTURA,PROPIO,SUR,,,DIRECTO ECONOMICO,,BBV,SI,NO,TRANSACCIONES ER TMS,TMS-DIRECTO ECONOMICO---BBV-AR_IVA16,,SI,SANTANDER_3550,,,AFIL.-009181868,D,2000
,AMPERSA_BU,TMS,FACTURA,PROPIO,SUR,,,PULLMAN PRIMERA CLASE,,BBV,SI,NO,TRANSACCIONES ER TMS,TMS-PULLMAN PRIMERA CLASE---BBV-AR_IVA16,,SI,SANTANDER_3550,,,AFIL.-009181868,D,2000
,AMPERSA_BU,TMS,FACTURA,PROPIO,SUR,,,VENTAS MISCELANEAS,CARGO POR CAMBIO DE HORARIO,BBV,SI,NO,TRANSACCIONES ER TMS,TMS VENTAS MISC CARGO X CAMBIO HORA-BBV-AR_IVA16,,SI,SANTANDER_3550,,,AFIL.-009181868,D,2000
,AMPERSA_BU,TMS,FACTURA,PROPIO,SUR,,,VENTAS MISCELANEAS,DIFERENCIA POR HO,BBV,SI,NO,TRANSACCIONES ER TMS,TMS VENTAS MISC CARGO X CAMBIO HORA-BBV-AR_IVA16,,SI,SANTANDER_3550,,,AFIL.-009181868,D,2000
,AMPERSA_BU,TMS,FACTURA,PROPIO,SUR,,,AEROPUERTO,,EFE,SI,NO,TRANSACCIONES ER TMS,TMS-AEROPUERTO---EFE-AR_IVA16,,SI,SANTANDER_3550,,DDMMRRRR,SURT,S,10
,AMPERSA_BU,TMS,FACTURA,PROPIO,SUR,,,DIRECTO ECONOMICO,,EFE,SI,NO,TRANSACCIONES ER TMS,TMS-DIRECTO ECONOMICO ER---EFE-AR_IVA16,,SI,SANTANDER_3550,,DDMMRRRR,SURT,S,10
,AMPERSA_BU,TMS,FACTURA,PROPIO,SUR,,,PULLMAN PRIMERA CLASE,,EFE,SI,NO,TRANSACCIONES ER TMS,TMS-PULLMAN PRIMERA CLASE---EFE-AR_IVA16,,SI,SANTANDER_3550,,DDMMRRRR,SURT,S,10
,AMPERSA_BU,TMS,FACTURA,PROPIO,SUR,,,VENTAS MISCELANEAS,JUCONI,EFE,SI,NO,TRANSACCIONES ER TMS,TMS-VENTAS MISCELANEAS-JUCONI--EFE,,SI,SANTANDER_3550,,DDMMRRRR,SURT,S,10
,AMPERSA_BU,TMS,FACTURA,PROPIO,SUR,,,VENTAS MISCELANEAS,MOVISTAR,EFE,SI,NO,TRANSACCIONES ER TMS,TMS-VENTAS MISCELANEAS-MOVISTAR--EFE-AR_IVA16,,SI,SANTANDER_3550,,DDMMRRRR,SURT,S,10
,AMPERSA_BU,TMS,FACTURA,PROPIO,SUR,,,VENTAS MISCELANEAS,AUDIFONOS PRIMERA CLASE,EFE,SI,NO,TRANSACCIONES ER TMS,TMS-VENTAS MISCELANEAS-AUDIFONOS AEROPUERTO--EFE-,,SI,SANTANDER_3550,,DDMMRRRR,SURT,S,10
,AMPERSA_BU,TMS,FACTURA,PROPIO,SUR,,,VENTAS MISCELANEAS,CARGO POR CAMBIO DE HORARIO,EFE,SI,NO,TRANSACCIONES ER TMS,TMS-VENTAS MISC-CARGO CAMBIO HORAR-EFE-IVA16,,SI,SANTANDER_3550,,DDMMRRRR,SURT,S,10
,AMPERSA_BU,TMS,FACTURA,PROPIO,SUR,,,VENTAS MISCELANEAS,TELCEL,EFE,SI,NO,TRANSACCIONES ER TMS,TMS-VENTAS MISCELANEAS-TELCEL--EFE-AR_IVA16,,SI,SANTANDER_3550,,DDMMRRRR,SURT,S,10
,AMPERSA_BU,TMS,FACTURA,PROPIO,SUR,,,VENTAS MISCELANEAS,UNEFON,EFE,SI,NO,TRANSACCIONES ER TMS,TMS-VENTAS MISCELANEAS-TELCEL--EFE-AR_IVA16,,SI,SANTANDER_3550,,DDMMRRRR,SURT,S,10
,AMPERSA_BU,TMS,FACTURA,PROPIO,SUR,,,VENTAS MISCELANEAS,DIFERENCIA POR HO,EFE,SI,NO,TRANSACCIONES ER TMS,TMS-VENTAS MISC-CARGO CAMBIO HORAR-EFE-IVA16,,SI,SANTANDER_3550,,DDMMRRRR,SURT,S,10
,AMPERSA_BU,TMS,FACTURA,PROPIO,SUR,,,VENTAS MISCELANEAS,IUSACELL,EFE,SI,NO,TRANSACCIONES ER TMS,TMS-VENTAS MISCELANEAS-IUSACELL--EFE-AR_IVA16,,SI,SANTANDER_3550,,DDMMRRRR,SURT,S,10
,AMPERSA_BU,TMS,FACTURA,PROPIO,SUR,,,VENTAS MISCELANEAS,PULLMAN PRIMERA CLASE ER,EFE,SI,NO,TRANSACCIONES ER TMS,TMS-VENTAS MISCELANEAS-PULLMAN PRIMERA CLASE ER--E,,SI,SANTANDER_3550,,DDMMRRRR,SURT,S,10
,AMPERSA_BU,TMS,FACTURA,PROPIO,SUR,,,VENTAS MISCELANEAS,KIT CRUZ ROJA,EFE,SI,NO,TRANSACCIONES ER TMS,TMS-VENTAS MISCELANEAS-KITCRUZROJA,,SI,SANTANDER_3550,,DDMMRRRR,SURT,S,10
,TTP_BU,TMS,FACTURA,PROPIO,SUR,,,INTERMEDIO TTP,,EFE,SI,NO,TRANSACCION TTP TMS,TMS-INTERMEDIO TTP---EFE-AR_IVA16,,SI,SANTANDER_8285,,DDMMRRRR,SURT,S,10
,AMPERSA_BU,TMS,FACTURA,PROPIO,TAPO,,,DIRECTO ECONOMICO,,AMX,SI,NO,TRANSACCIONES ER TMS,TMS-DIRECTO ECONOMICO---AMX-AR_IVA16,,SI,SANTANDER_3550,,,AMEXCO SE 9350021565,D,1500
,AMPERSA_BU,TMS,FACTURA,PROPIO,TAPO,,,PULLMAN PRIMERA CLASE,,AMX,SI,NO,TRANSACCIONES ER TMS,TMS-PULLMAN PRIMERA CLASE---AMX-AR_IVA16,,SI,SANTANDER_3550,,,AMEXCO SE 9350021565,D,1500
,AMPERSA_BU,TMS,FACTURA,TERCEROS,TAPO,,,INTERMEDIO TTP,,AMX,SI,NO,TRANSACCIONES ER TMS,TMS-INTERMEDIO TTP---AMX-AP_IVA_NO_GRAVADO,TTP_BU,SI,SANTANDER_3550,,,AMEXCO SE 9350021565,D,1500
,AMPERSA_BU,TMS,FACTURA,PROPIO,TAPO,,,DIRECTO ECONOMICO,,BBV,SI,NO,TRANSACCIONES ER TMS,TMS-DIRECTO ECONOMICO---BBV-AR_IVA16,,SI,SANTANDER_3550,,,AFIL.-009181868,D,2000
,AMPERSA_BU,TMS,FACTURA,PROPIO,TAPO,,,PULLMAN PRIMERA CLASE,,BBV,SI,NO,TRANSACCIONES ER TMS,TMS-PULLMAN PRIMERA CLASE---BBV-AR_IVA16,,SI,SANTANDER_3550,,,AFIL.-009181868,D,2000
,AMPERSA_BU,TMS,FACTURA,TERCEROS,TAPO,,,INTERMEDIO TTP,,BBV,SI,NO,TRANSACCIONES ER TMS,TMS-INTERMEDIO TTP---BBV-AP_IVA_NO_GRAVADO,,SI,SANTANDER_3550,,,AFIL.-009181868,D,2000
,AMPERSA_BU,TMS,FACTURA,TERCEROS,TAPO,,,VENTAS MISCELANEAS,JUCONI,BBV,SI,NO,TRANSACCIONES ER TMS,TMS-VENTAS MISC-JUCONI-BBV-AP_IVA_NO_GRAVADO,,SI,SANTANDER_3550,,,AFIL.-009181868,D,2000
,AMPERSA_BU,TMS,FACTURA,PROPIO,TAPO,,,AEROPUERTO,,BBV,SI,NO,TRANSACCIONES ER TMS,TMS-AEROPUERTO---BBV-AR_IVA16,,SI,SANTANDER_3550,,,AFIL.-009181868,D,2000
,AMPERSA_BU,TMS,FACTURA,PROPIO,TAPO,,,VENTAS MISCELANEAS,CARGO POR CAMBIO DE HORARIO,BBV,SI,NO,TRANSACCIONES ER TMS,TMS VENTAS MISC CARGO X CAMBIO HORA-BBV-AR_IVA16,,SI,SANTANDER_3550,,,AFIL.-009181868,D,2000
,AMPERSA_BU,TMS,FACTURA,PROPIO,TAPO,,,VENTAS MISCELANEAS,DIFERENCIA POR HO,BBV,SI,NO,TRANSACCIONES ER TMS,TMS VENTAS MISC CARGO X CAMBIO HORA-BBV-AR_IVA16,,SI,SANTANDER_3550,,,AFIL.-009181868,D,2000
,AMPERSA_BU,TMS,FACTURA,PROPIO,TAPO,,,PULLMAN PRIMERA CLASE,,EFE,SI,NO,TRANSACCIONES ER TMS,TMS-PULLMAN PRIMERA CLASE---EFE-AR_IVA16,,SI,SANTANDER_3550,,DDMMRRRR,TAPOT,D,10
,AMPERSA_BU,TMS,FACTURA,PROPIO,TAPO,,,DIRECTO ECONOMICO,,EFE,SI,NO,TRANSACCIONES ER TMS,TMS-DIRECTO ECONOMICO ER---EFE-AR_IVA16,,SI,SANTANDER_3550,,DDMMRRRR,TAPOT,D,10
,AMPERSA_BU,TMS,FACTURA,PROPIO,TAPO,,,VENTAS MISCELANEAS,DIFERENCIA POR HO,EFE,SI,NO,TRANSACCIONES ER TMS,TMS-VENTAS MISC-CARGO CAMBIO HORAR-EFE-IVA16,,SI,SANTANDER_3550,,DDMMRRRR,TAPOT,D,10
,AMPERSA_BU,TMS,FACTURA,PROPIO,TAPO,,,VENTAS MISCELANEAS,IUSACELL,EFE,SI,NO,TRANSACCIONES ER TMS,TMS-VENTAS MISCELANEAS-IUSACELL--EFE-AR_IVA16,,SI,SANTANDER_3550,,DDMMRRRR,TAPOT,D,10
,AMPERSA_BU,TMS,FACTURA,PROPIO,TAPO,,,VENTAS MISCELANEAS,MOVISTAR,EFE,SI,NO,TRANSACCIONES ER TMS,TMS-VENTAS MISCELANEAS-MOVISTAR--EFE-AR_IVA16,,SI,SANTANDER_3550,,DDMMRRRR,TAPOT,D,10
,AMPERSA_BU,TMS,FACTURA,PROPIO,TAPO,,,VENTAS MISCELANEAS,TELCEL,EFE,SI,NO,TRANSACCIONES ER TMS,TMS-VENTAS MISCELANEAS-TELCEL--EFE-AR_IVA16,,SI,SANTANDER_3550,,DDMMRRRR,TAPOT,D,10
,AMPERSA_BU,TMS,FACTURA,PROPIO,TAPO,,,VENTAS MISCELANEAS,JUCONI,EFE,SI,NO,TRANSACCIONES ER TMS,TMS-VENTAS MISCELANEAS-JUCONI--EFE,,SI,SANTANDER_3550,,DDMMRRRR,TAPOT,D,10
,AMPERSA_BU,TMS,FACTURA,PROPIO,TAPO,,,VENTAS MISCELANEAS,UNEFON,EFE,SI,NO,TRANSACCIONES ER TMS,TMS-VENTAS MISCELANEAS-TELCEL--EFE-AR_IVA16,,SI,SANTANDER_3550,,DDMMRRRR,TAPOT,D,10
,AMPERSA_BU,TMS,FACTURA,PROPIO,TAPO,,,VENTAS MISCELANEAS,KIT CRUZ ROJA,EFE,SI,NO,TRANSACCIONES ER TMS,TMS-VENTAS MISCELANEAS-KITCRUZROJA,,SI,SANTANDER_3550,,DDMMRRRR,TAPOT,D,10
,AMPERSA_BU,TMS,FACTURA,PROPIO,TAPO,,,AEROPUERTO,,EFE,SI,NO,TRANSACCIONES ER TMS,TMS-AEROPUERTO---EFE-AR_IVA16,,SI,SANTANDER_3550,,DDMMRRRR,TAPOT,D,10
,AMPERSA_BU,TMS,FACTURA,PROPIO,TAPO,,,VENTAS MISCELANEAS,CARGO POR CAMBIO DE HORARIO,EFE,SI,NO,TRANSACCIONES ER TMS,TMS-VENTAS MISC-CARGO CAMBIO HORAR-EFE-IVA16,,SI,SANTANDER_3550,,DDMMRRRR,TAPOT,D,10
,AMPERSA_BU,TMS,FACTURA,PROPIO,TAPO,,,VENTAS MISCELANEAS,DIRECTO ECONOMICO ER,EFE,SI,NO,TRANSACCIONES ER TMS,TMS-VENTAS MISCELANEAS-DIRECTO ECONOMICO ER--EFE-A,,SI,SANTANDER_3550,,DDMMRRRR,TAPOT,D,10
,AMPERSA_BU,TMS,FACTURA,PROPIO,TAPO,,,VENTAS MISCELANEAS,PULLMAN PRIMERA CLASE ER,EFE,SI,NO,TRANSACCIONES ER TMS,TMS-VENTAS MISCELANEAS-PULLMAN PRIMERA CLASE ER--E,,SI,SANTANDER_3550,,DDMMRRRR,TAPOT,D,10
,AMPERSA_BU,TMS,FACTURA,PROPIO,TAPO,,,VENTAS MISCELANEAS,AUDIFONOS PRIMERA CLASE,EFE,SI,NO,TRANSACCIONES ER TMS,TMS-VENTAS MISCELANEAS-AUDIFONOS AEROPUERTO--EFE-,,SI,SANTANDER_3550,,DDMMRRRR,TAPOT,D,10
,AMPERSA_BU,TMS,FACTURA,PROPIO,TAPO,,,VENTAS MISCELANEAS,SANITARIOS,EFE,SI,NO,TRANSACCIONES ER TMS,TMS-VENTAS MISCELANEAS-SANITARIOS--EFE,,SI,SANTANDER_3550,,DDMMRRRR,TAPOT,D,10
,AMPERSA_BU,TMS,FACTURA,PROPIO,TAPO,,,VENTAS MISCELANEAS,VIRGIN,EFE,SI,NO,TRANSACCIONES ER TMS,TMS-VENTAS MISCELANEAS-TELCEL--EFE-AR_IVA16,,SI,SANTANDER_3550,,DDMMRRRR,TAPOT,D,10
,TTP_BU,TMS,FACTURA,PROPIO,TAPO,,,INTERMEDIO TTP,,EFE,SI,NO,TRANSACCION TTP TMS,TMS-INTERMEDIO TTP---EFE-AR_IVA16,,SI,SANTANDER_8285,,DDMMRRRR,TAPOT,D,10
,TTP_BU,TMS,FACTURA,PROPIO,TAPOR,,,INTERMEDIO,,EFE,SI,NO,TRANSACCION TTP TMS,TMS-INTERMEDIO---EFE-AR_IVA16-RECUADA,,SI,SANTANDER_8285,,DDMMRRRR,TAPOR,D,10
,TTP_BU,TMS,FACTURA,PROPIO,TAPOR,,,INTERMEDIO PISTA,,EFE,SI,NO,TRANSACCION TTP TMS,TMS-INTERMEDIO PISTA---EFE-RECAUDA-AR-IVA-16,,SI,SANTANDER_8285,,DDMMRRRR,TAPOR,D,10
,CONTERSA_BU,TMS,FACTURA,PROPIO,ZOCALO,,,SERVICIO DE TURISMO TRANVIA CT1,,EFE,SI,NO,TRANSACCIONES CT TMS,TMS-SERVICIO DE TURISMO TRANVIA CT---EFE-,,SI,SANTANDER_0995,,DDMMRRRR,ZOCALO,D,10
,CONTERSA_BU,TMS,FACTURA,PROPIO,ZOCALO,,,VENTAS MISCELANEAS,SERVICIO DE TURISMO CT1,EFE,SI,NO,TRANSACCIONES CT TMS,TMS-VENTAS MISCELANEAS-TRANVIA,,SI,SANTANDER_0995,,DDMMRRRR,ZOCALO,D,10
,CONTERSA_BU,TMS,FACTURA,PROPIO,ZOCALO,,,SERVICIO DE TURISMO CT,,EFE,SI,NO,TRANSACCIONES CT TMS,TMS-SERVICIO DE TURISMO CT---EFE-,,SI,SANTANDER_0995,,DDMMRRRR,ZOCALO,D,10
,CONTERSA_BU,TMS,FACTURA,PROPIO,ZOCALO,,,SERVICIO DE TURISMO CT1,,EFE,SI,NO,TRANSACCIONES CT TMS,TMS-SERVICIO DE TURISMO TRANVIA CT---EFE-,,SI,SANTANDER_0995,,DDMMRRRR,ZOCALO,D,10
,CONTERSA_BU,TMS,FACTURA,PROPIO,ZOCALO,,,VENTAS MISCELANEAS,SERVICIO DE TURISMO CT,EFE,SI,NO,TRANSACCIONES CT TMS,TMS-VENTAS MISCELANEAS-SERVICIO DE TURISMO CT--EFE,,SI,SANTANDER_0995,,DDMMRRRR,ZOCALO,D,10
,AMPERSA_BU,TMS,FACTURA,TERCEROS,ZOCALO,,,SERVICIO DE TURISMO CT,,AMX,SI,NO,TRANSACCIONES ER TMS,TMS-SERVICIO DE TURISMO CT---AMX-AP_IVA_NO_GRAVADO,CONTERSA_BU,SI,SANTANDER_3550,,,SIN DATOS,D,300
,AMPERSA_BU,TMS,FACTURA,TERCEROS,ZOCALO,,,SERVICIO DE TURISMO TRANVIA CT1,,BBV,SI,NO,TRANSACCIONES ER TMS,TMS-SERVICIO DE TURISMO CT---BBV-AP_IVA_NO_GRAVADO,,SI,SANTANDER_3550,,,AFIL.-009627191,D,10
,AMPERSA_BU,TMS,FACTURA,TERCEROS,ZOCALO,,,SERVICIO DE TURISMO CT,,BBV,SI,NO,TRANSACCIONES ER TMS,TMS-SERVICIO DE TURISMO CT---BBV-AP_IVA_NO_GRAVADO,,SI,SANTANDER_3550,,,AFIL.-009627191,D,10
,AMPERSA_BU,TMS,FACTURA,PROPIO,ZOCALO,,,AEROPUERTO,,BBV,SI,NO,TRANSACCIONES ER TMS,TMS-AEROPUERTO---EFE-AR_IVA16,,SI,SANTANDER_3550,,,AFIL.-009627191,D,10
,AMPERSA_BU,TMS,FACTURA,PROPIO,ZOCALO,,,DIRECTO ECONOMICO,,BBV,SI,NO,TRANSACCIONES ER TMS,TMS-DIRECTO ECONOMICO---BBV-AR_IVA16,,SI,SANTANDER_3550,,,AFIL.-009627191,D,10
,AMPERSA_BU,TMS,FACTURA,TERCEROS,ZOCALO,,,SERVICIO DE TURISMO CT1,,BBV,SI,NO,TRANSACCIONES ER TMS,TMS-SERVICIO DE TURISMO CT---BBV-AP_IVA_NO_GRAVADO,,SI,SANTANDER_3550,,,AFIL.-009627191,D,10
,AMPERSA_BU,TMS,FACTURA,PROPIO,ZOCALO,,,PULLMAN PRIMERA CLASE,,EFE,SI,NO,TRANSACCIONES ER TMS,TMS-PULLMAN PRIMERA CLASE---EFE-AR_IVA16,,SI,SANTANDER_3550,,DDMMRRRR,ZOCALO,D,10
,AMPERSA_BU,TMS,FACTURA,PROPIO,ZOCALO,,,DIRECTO ECONOMICO,,EFE,SI,NO,TRANSACCIONES ER TMS,TMS-DIRECTO ECONOMICO ER---EFE-AR_IVA16,,SI,SANTANDER_3550,,DDMMRRRR,ZOCALO,D,10
,AMPERSA_BU,TMS,FACTURA,TERCEROS,WTC,,,EBUS TTP1,,AMX,SI,NO,TRANSACCIONES ER TMS,TMS-EBUS TTP1---AMX-AP_IVA_NO_GRAVADO,TTP_BU,SI,SANTANDER_3550,,,AMEXCO SE 9356623992,S,300
,AMPERSA_BU,TMS,FACTURA,TERCEROS,WTC,,,EBUS TTP1,,BBV,SI,NO,TRANSACCIONES ER TMS,TMS-EBUS TTP1---BBV-AP_IVA_NO_GRAVADO,,SI,SANTANDER_3550,,,AFIL.-007273370,D,2000
,AMPERSA_BU,TMS,FACTURA,TERCEROS,WTC,,,VENTAS MISCELANEAS,CARGO POR CAMBIO DE HORARIO,BBV,SI,NO,TRANSACCIONES ER TMS,TMS-VENTAS MISCELANEAS-CAMBIO DE HO-TERCEROS,,SI,SANTANDER_3550,,,AFIL.-007273370,D,2000
,AMPERSA_BU,TMS,FACTURA,PROPIO,WTC,,,AEROPUERTO,,BBV,SI,NO,TRANSACCIONES ER TMS,TMS-AEROPUERTO---EFE-AR_IVA16,,SI,SANTANDER_3550,,,AFIL.-007273370,D,2000
,AMPERSA_BU,TMS,FACTURA,TERCEROS,WTC,,,VENTAS MISCELANEAS,DIFERENCIA POR HO,BBV,SI,NO,TRANSACCIONES ER TMS,TMS-VENTAS MISCELANEAS-CAMBIO DE HO-TERCEROS,,SI,SANTANDER_3550,,,AFIL.-007273370,D,2000
,AMPERSA_BU,TMS,FACTURA,PROPIO,WTC,,,VENTAS MISCELANEAS,JUCONI,EFE,SI,NO,TRANSACCIONES ER TMS,TMS-VENTAS MISCELANEAS-JUCONI--EFE,,SI,SANTANDER_3550,,,WTCT,S,10
,AMPERSA_BU,TMS,FACTURA,TERCEROS,WTC,,,VENTAS MISCELANEAS,JUCONI,BBV,SI,NO,TRANSACCIONES ER TMS,TMS-VENTAS MISC-JUCONI-BBV-AP_IVA_NO_GRAVADO,,SI,SANTANDER_3550,,,AFIL.-007273370,D,2000
,TTP_BU,TMS,FACTURA,PROPIO,WTC,,,EBUS TTP1,,EFE,SI,NO,TRANSACCION TTP TMS,TMS-EBUS TTP1---EFE-AR_IVA16,,SI,SANTANDER_8285,,,WTCT,S,10
,TTP_BU,TMS,FACTURA,PROPIO,WTC,,,VENTAS MISCELANEAS,AUDIFONOS EBUS,EFE,SI,NO,TRANSACCION TTP TMS,TMS-VENTAS MISCELANEAS-AUDIFONOS EBUS,,SI,SANTANDER_8285,,,WTCT,S,10
,TTP_BU,TMS,FACTURA,PROPIO,WTC,,,VENTAS MISCELANEAS,CARGO POR CAMBIO DE HORARIO,EFE,SI,NO,TRANSACCION TTP TMS,TMS-VENTAS MIS-CARGO POR CAMBIO DE HORARIO-IVA-16,,SI,SANTANDER_8285,,,WTCT,S,10
,TTP_BU,TMS,FACTURA,PROPIO,WTC,,,VENTAS MISCELANEAS,DIRECTO TTP TTP,EFE,SI,NO,TRANSACCION TTP TMS,TMS-VENTAS MISCELANEAS-DIRECTO TTP TTP--EFE-AR_IVA,,SI,SANTANDER_8285,,,WTCT,S,10
,AMPERSA_BU,ESTACIONAMIENTO,FACTURA,PROPIO,CAPU,,,SERVICIO DE ESTACIONAMIENTO,,EFE,SI,NO,TRANSACCIONES ER TMS,ESTACIONAMIENTO-SERVICIO DE ESTACIONAMIENTO--EFE,,SI,SANTANDER_3550,,DDMMRRRR,CAPU,D,10
,TTP_BU,TMS,FACTURA,PROPIO,CHOL,,,INTERMEDIO,,EFE,SI,NO,TRANSACCION TTP TMS,TMS-INTERMEDIO---EFE-,,,SANTANDER_8285,,DDMMRRRR,CHOLT,D,10
,TTP_BU,TMS,FACTURA,PROPIO,CHOL,,,VENTAS MISCELANEAS,INTERMEDIO TTP,EFE,SI,NO,TRANSACCION TTP TMS,TMS-VENTAS MISCELANEAS-INTERMEDIO TTP--EFE-AR_IVA_,,SI,SANTANDER_8285,,DDMMRRRR,CHOLT,D,10
